-- phpMyAdmin SQL Dump
-- version 5.2.0
-- https://www.phpmyadmin.net/
--
-- Host: 127.0.0.1
-- Generation Time: Jun 23, 2023 at 09:22 AM
-- Server version: 10.4.27-MariaDB
-- PHP Version: 7.4.33

SET SQL_MODE = "NO_AUTO_VALUE_ON_ZERO";
START TRANSACTION;
SET time_zone = "+00:00";


/*!40101 SET @OLD_CHARACTER_SET_CLIENT=@@CHARACTER_SET_CLIENT */;
/*!40101 SET @OLD_CHARACTER_SET_RESULTS=@@CHARACTER_SET_RESULTS */;
/*!40101 SET @OLD_COLLATION_CONNECTION=@@COLLATION_CONNECTION */;
/*!40101 SET NAMES utf8mb4 */;

--
-- Database: `senovarti`
--

-- --------------------------------------------------------

--
-- Table structure for table `about`
--

CREATE TABLE `about` (
  `id` int(11) NOT NULL,
  `foto` text NOT NULL,
  `nama_perusahaan` varchar(255) NOT NULL,
  `deskripsi` text NOT NULL
) ENGINE=InnoDB DEFAULT CHARSET=utf8mb4 COLLATE=utf8mb4_general_ci;

--
-- Dumping data for table `about`
--

INSERT INTO `about` (`id`, `foto`, `nama_perusahaan`, `deskripsi`) VALUES
(1, '119c7e9d15343fd2b056ca78ad70509d.JPG', 'DNA Konsultant', 'Alamat');

-- --------------------------------------------------------

--
-- Table structure for table `barang`
--

CREATE TABLE `barang` (
  `id_brg` int(11) NOT NULL,
  `id_barang` char(20) NOT NULL,
  `nama_barang` varchar(255) NOT NULL,
  `stok` int(11) DEFAULT NULL,
  `satuan_id` int(11) NOT NULL,
  `jenis_id` int(11) NOT NULL,
  `weight` int(11) NOT NULL,
  `harga` int(11) NOT NULL
) ENGINE=InnoDB DEFAULT CHARSET=utf8 COLLATE=utf8_general_ci;

--
-- Dumping data for table `barang`
--

INSERT INTO `barang` (`id_brg`, `id_barang`, `nama_barang`, `stok`, `satuan_id`, `jenis_id`, `weight`, `harga`) VALUES
(1, 'VG101001', 'RED PAPRIKA', 209, 12, 48, 1000, 65000),
(2, 'VG101002', 'YELLOW PAPRIKA', 112, 12, 48, 1000, 75000),
(3, 'VG101003', 'GREEN PAPRIKA', 300, 12, 48, 1000, 40000),
(4, 'VG101004', 'RED BIG CHILI', 100, 12, 48, 1000, 45000),
(5, 'VG101005', 'GREEN BIG CHILI', 100, 12, 48, 1000, 35000),
(6, 'VG101006', 'BIRD EYE CHILI', 100, 12, 48, 1000, 90000),
(7, 'VG101007', 'GARLIC', 100, 12, 48, 1000, 35000),
(8, 'VG101008', 'SHALLOT', 100, 12, 48, 1000, 38000),
(9, 'VG101009', 'ONION', 100, 12, 48, 1000, 20000),
(10, 'VG101010', 'RED ONION', 100, 12, 48, 1000, 33500),
(11, 'VG101011', 'EGGPLANT', 100, 12, 48, 1000, 15000),
(12, 'VG101012', 'ZUKINI', 100, 12, 48, 1000, 20000),
(13, 'VG101013', 'CORIANDER LEAVE', 100, 12, 48, 1000, 45000),
(14, 'VG101014', 'CUCUMBER', 100, 12, 48, 1000, 14000),
(15, 'VG101015', 'WHITE CABAGE', 100, 12, 48, 1000, 14000),
(16, 'VG101016', 'CAISIM PICKLE', 0, 12, 48, 1000, 15000),
(17, 'VG101017', 'BEAN SPROUT', 0, 12, 48, 1000, 12000),
(18, 'VG101018', 'GINGER', 0, 12, 48, 1000, 38000),
(19, 'VG101019', 'GALANGAL', 0, 12, 48, 1000, 18000),
(20, 'VG101020', 'GREEN BEAN', 0, 12, 48, 1000, 25000),
(21, 'VG101021', 'BABY POTATO', 0, 12, 48, 1000, 18000),
(22, 'VG101022', 'BIG POTATO', 0, 12, 48, 1000, 18000),
(23, 'VG101023', 'TOMATO CHERY', 0, 12, 48, 1000, 30000),
(24, 'VG101024', 'TOMATO', 0, 12, 48, 1000, 15000),
(25, 'VG101025', 'PASRLEY', 0, 12, 48, 1000, 65000),
(26, 'VG101026', 'KEMANGI LEAVE', 0, 12, 48, 1000, 25000),
(27, 'VG101027', 'CIREMAI', 0, 12, 48, 1000, 65000),
(28, 'VG101028', 'BASIL LEAVE', 0, 12, 48, 1000, 80000),
(29, 'VG101029', 'THYME FRESH', 0, 12, 48, 1000, 385714),
(30, 'VG101030', 'OREGANO DRY', 0, 12, 48, 1000, 180000),
(31, 'VG101031', 'ROSEMARY FRESH', 0, 12, 48, 1000, 337143),
(32, 'VG101032', 'CELERY', 0, 12, 48, 1000, 40000),
(33, 'VG101033', 'LEEK', 0, 12, 48, 1000, 18000),
(34, 'VG101034', 'MUSHROOM CHAMPIGNON', 0, 12, 48, 1000, 45000),
(35, 'VG101035', 'MUSHROOM KING OYSTER', 0, 12, 48, 1000, 45000),
(36, 'VG101036', 'LEMON GRASS', 0, 12, 48, 1000, 14000),
(37, 'VG101037', 'LIME LEAVE', 0, 12, 48, 1000, 20000),
(38, 'VG101038', 'MINT LEAVE', 0, 12, 48, 1000, 30000),
(39, 'VG101039', 'COLIFLOWER', 0, 12, 48, 1000, 25000),
(40, 'VG101040', 'PANDAN LEAVE', 0, 12, 48, 1000, 15000),
(41, 'VG101041', 'TOFU', 0, 12, 48, 1000, 5000),
(42, 'VG101042', 'AVOCADO', 0, 12, 48, 1000, 30000),
(43, 'VG101043', 'JICAMA', 0, 12, 48, 1000, 40000),
(44, 'VG101044', 'GHERKIN', 0, 12, 48, 1000, 65000),
(45, 'VG101045', 'CORIANDER LEAVE', 0, 12, 48, 1000, 40000),
(46, 'VG101046', 'SELADA', 0, 12, 48, 1000, 15000),
(47, 'VG101047', 'SELADA AIR', 0, 12, 48, 1000, 15000),
(48, 'VG101048', 'HEAD LETTUCE', 0, 12, 48, 1000, 20000),
(49, 'VG101049', 'ROCKET', 0, 12, 48, 1000, 25000),
(50, 'VG101050', 'ALFAFA SPROUT', 0, 12, 48, 1000, 20000),
(51, 'VG101051', 'TARAGON ', 0, 12, 48, 1000, 25000),
(52, 'VG101052', 'KECOMBRANG', 0, 12, 48, 1000, 25000),
(53, 'VG101053', 'TEMPE', 0, 12, 48, 1000, 15000),
(54, 'VG101054', 'TUMERIC', 0, 12, 48, 1000, 15000),
(55, 'VG101055', 'CORN', 0, 12, 48, 1000, 15000),
(56, 'VG101056', 'KACANG PANJANG', 0, 12, 48, 1000, 20000),
(57, 'VG101057', 'KANGKUNG', 0, 12, 48, 1000, 15000),
(58, 'VG101058', 'BABY KAILAN', 0, 12, 48, 1000, 33000),
(59, 'VG101059', 'ROMAINE LETTUCE', 0, 12, 48, 1000, 48500),
(60, 'FT102001', 'PINEAPPLE', 0, 12, 47, 1000, 18000),
(61, 'FT102002', 'APEL GREENY SMITH', 0, 12, 47, 1000, 50000),
(62, 'FT102003', 'CARROT', 0, 12, 47, 1000, 18000),
(63, 'FT102004', 'STRAWBERRY @250 GR', 0, 20, 47, 1, 12000),
(64, 'FT102005', 'ORANGE', 0, 12, 47, 1000, 40000),
(65, 'FT102006', 'LEMON', 0, 12, 47, 1000, 45000),
(66, 'FT102007', 'LIME', 0, 12, 47, 1000, 15000),
(67, 'FT102008', 'BANANA', 0, 12, 47, 1000, 35000),
(68, 'FT102009', 'JACKFRUIT', 0, 12, 47, 1000, 20000),
(69, 'FT102010', 'KELAPA MUDA', 0, 5, 47, 1, 15000),
(70, 'FT102011', 'KELAPA PARUT', 0, 5, 47, 1, 13000),
(71, 'DR103001', 'PARMESAN CHEESE @1 KG', 0, 20, 46, 1, 291000),
(72, 'DR103002', 'MOZARELLA CHEESE @2,4 KG', 0, 20, 46, 1, 333000),
(73, 'DR103003', 'CHEDAR CHEESE @1KG', 0, 20, 46, 1, 135000),
(74, 'DR103004', 'YELLOW CHEDAR CHEESE @1 KG', 0, 20, 46, 1, 150000),
(75, 'DR103005', 'ANCHOR CREAM CHEESE @1 KG', 0, 20, 46, 1, 135000),
(76, 'DR103006', 'BUTTER @1 KG', 0, 20, 46, 1, 85000),
(77, 'DR103007', 'SPRING ROLL SKIN TYJ @275 GR', 0, 20, 46, 1, 27000),
(78, 'DR103008', 'DIAMOND UHT FRESH MILK @1 LITER', 0, 20, 46, 1, 20000),
(79, 'DR103009', 'GOAT CHEESE', 0, 20, 46, 1, 75000),
(80, 'DR103010', 'COCONUT MILK', 0, 20, 46, 1, 35000),
(81, 'DR103011', 'REAL MAYONAISE @3 KG', 0, 21, 46, 1, 256000),
(82, 'DR103012', 'YOGHURT @500 GR', 0, 20, 46, 1, 45000),
(83, 'DR103013', 'WHIPING CREAM', 0, 20, 46, 1, 65379),
(84, 'DR103015', 'PUFF PASTRY @750 GR', 0, 20, 46, 1, 44900),
(85, 'DR103017', 'VANILLA ICE CREAM 8L', 0, 20, 46, 1, 185000),
(86, 'DR103018', 'KARA SANTAN 6 X 1 LITER', 0, 20, 46, 1, 34500),
(87, 'DG104001', 'RED GRAPE VINEGAR 0,5 GR', 0, 20, 46, 1, 60000),
(88, 'DG104002', 'ITALIAN HERBS @40 GR', 0, 20, 46, 1, 25000),
(89, 'DG104003', 'SALT ', 0, 12, 46, 500, 5625),
(90, 'DG104004', 'WHITE PEPPER', 0, 12, 46, 1000, 150000),
(91, 'DG104005', 'BLACK PAPER', 0, 12, 46, 1000, 90000),
(92, 'DG104006', 'GALIC POWDER', 0, 12, 46, 80, 22000),
(93, 'DG104007', 'PAPRIKA POWDER', 0, 12, 46, 1000, 120000),
(94, 'DG104008', 'CENGKEH UTUH', 0, 12, 46, 1000, 230000),
(95, 'DG104009', 'NUTMEG POWDER', 0, 12, 46, 1000, 25000),
(96, 'DG104010', 'CORIANDER POWDER', 0, 12, 46, 1000, 60000),
(97, 'DG104011', 'BASIL LEAVE', 0, 12, 46, 20, 25000),
(98, 'DG104012', 'BREAD CRUMB', 0, 12, 46, 1000, 15000),
(99, 'DG104013', 'FLOUR SEGITIGA 24 X 1 KG', 0, 20, 46, 1, 7500),
(100, 'DG104014', 'FLOUR CAKRA 24 X 1 KG', 0, 20, 46, 1, 8000),
(101, 'DG104015', 'SUGAR', 0, 12, 46, 1000, 14000),
(102, 'DG104016', 'CORN FLOUR/TEPUNG MAIZENAKU @1KG', 0, 12, 46, 1000, 20000),
(103, 'DG104017', 'PAZOLA MAIZENA', 0, 12, 46, 1000, 11000),
(104, 'DG104019', 'PALM SUGAR @250 GR', 0, 20, 46, 1, 38222),
(105, 'DG104020', 'RED CHILI FLAKE @1 KG', 0, 12, 46, 1000, 70000),
(106, 'DG104021', 'MILK POWDER', 0, 12, 46, 1000, 85000),
(107, 'DG104022', 'RENDANG PASTE BAMBOE @36 GR', 0, 20, 46, 1, 10200),
(108, 'DG104023', 'DRI CHILI', 0, 12, 46, 1000, 10000),
(109, 'DG104024', 'GARAM MASALA ', 0, 4, 46, 1, 20000),
(110, 'DG104025', 'CURRY POWDER', 0, 4, 46, 1, 84000),
(111, 'DG104026', 'TOTOLE', 0, 12, 46, 400, 50000),
(112, 'DG104027', 'KNORR CHICKEN POWDER 1KG', 0, 20, 46, 1, 95000),
(113, 'DG104028', 'TOMATO PASTE 3KG', 0, 6, 46, 1, 250000),
(114, 'DG104029', 'EMPING', 0, 12, 46, 1000, 80000),
(115, 'DG104030', 'SHRIMP PASTE', 0, 12, 46, 1000, 5000),
(116, 'DG104032', 'TUNA CAN', 0, 12, 46, 1000, 35000),
(117, 'DG104033', 'RED WINE VINEGAR 1L', 0, 4, 46, 1, 232000),
(118, 'DG104034', 'WHITE WINE VINEGAR 473 ML', 0, 4, 46, 1, 55000),
(119, 'DG104035', 'SRIRACHA SAUCE 515 ML', 0, 4, 46, 1, 65000),
(120, 'DG104036', 'SWEET SOYA SAUCE/KCP MANIS 5L', 0, 4, 46, 1, 175000),
(121, 'DG104037', 'SAUCE SAMBAL ABC  5,5KG', 0, 15, 46, 1, 130000),
(122, 'DG104039', 'BERAS TOPIKOKI 10KG', 0, 20, 46, 1, 139000),
(123, 'DG104040', 'MINYAK GORENG BIMOLI 18 L', 0, 15, 46, 1, 355000),
(124, 'DG104041', 'FISH SAUCE 725 ML', 0, 4, 46, 1, 38000),
(125, 'DG104042', 'SESAME OIL 300 ML', 0, 4, 46, 1, 50000),
(126, 'DG104043', 'EGG', 0, 17, 46, 16, 28000),
(127, 'DG104044', 'KRAFT BARBEQUE SAUCE 510 GR', 0, 4, 46, 1, 40000),
(128, 'DG104046', 'BAYLEAVE', 0, 17, 46, 1000, 120000),
(129, 'DG104047', 'HORSERADISH 60 GR', 0, 4, 46, 1, 35000),
(130, 'DG104048', 'CINAMON POWDER', 0, 20, 46, 250, 25000),
(131, 'DG104049', 'ALMOND NUT', 0, 17, 46, 1000, 250000),
(132, 'DG104050', 'DRY SHRIMP', 0, 17, 46, 1000, 100000),
(133, 'DG104051', 'WATER', 0, 17, 46, 1000, 10000),
(134, 'DG104052', 'CURRY MUNIK', 0, 17, 46, 32, 16000),
(135, 'DG104053', 'KARE PASTE BAMBU', 0, 20, 46, 32, 9000),
(136, 'DG104054', 'CHEWSENUT', 0, 17, 46, 1000, 250000),
(137, 'DG104055', 'CANDLENUT', 0, 17, 46, 1000, 65000),
(138, 'DG104056', 'STAR ANICE', 0, 17, 46, 1000, 170000),
(139, 'DG104057', 'KLUWEK', 0, 17, 46, 1000, 50000),
(140, 'DG104058', 'FERMIPAN GOLD YEAST 500 GR', 0, 20, 46, 1, 50000),
(141, 'DG104059', 'S500 500 GR', 0, 20, 46, 1, 55000),
(142, 'DG104060', 'ICING SUGAR 1000 GR', 0, 20, 46, 1, 32500),
(143, 'DG104061', 'VANILA ESSENCE TOFICO', 0, 20, 46, 100, 30000),
(144, 'DG104062', 'COCOA POWDER VAN HOUTEN 90 GR', 0, 20, 46, 1, 22000),
(145, 'DG104063', 'RHUM', 0, 4, 46, 750, 440000),
(146, 'DG104064', 'RAISIN', 0, 17, 46, 1000, 150000),
(147, 'DG104065', 'BAWANG GORENG', 0, 17, 46, 1000, 80000),
(148, 'DG104066', 'CHOCOLATE COMPONE', 0, 17, 46, 1000, 13000),
(149, 'DG104067', 'RICE FLOUR/TEPUNG BERAS ROSEBRAND 500 GR', 0, 20, 46, 1, 8000),
(150, 'DG104068', 'ALMONT FLOUR', 0, 17, 46, 1000, 25000),
(151, 'DG104069', 'BAKING POWDER HERCULES 450 GR', 0, 7, 46, 1, 72500),
(152, 'DG104070', 'KACANG TANAH', 0, 17, 46, 1000, 40000),
(153, 'DG104071', 'KACANG IJO', 0, 17, 46, 1000, 20000),
(154, 'DG104072', 'TRUFFLE OIL 250 ML', 0, 4, 46, 1, 199800),
(155, 'DG104073', 'NORI', 0, 20, 46, 125, 35000),
(156, 'DG104074', 'MIE KUNING', 0, 17, 46, 1000, 19000),
(157, 'DG104075', 'SPAGHETI-10 250 GR', 0, 20, 46, 1, 22500),
(158, 'DG104076', 'MUNIK SOTO BETAWI', 0, 17, 46, 32, 16000),
(159, 'DG104077', 'BIHUN', 0, 17, 46, 750, 18000),
(160, 'DG104078', 'MIE KERITING CAP TELOR', 0, 17, 46, 250, 8000),
(161, 'DG104079', 'TOM YUM THAI BOY', 0, 17, 46, 825, 101500),
(162, 'DG104080', 'OYSTER SAUCE CAP PANDA', 0, 6, 46, 2200, 120000),
(163, 'DG104081', 'BUMBU PECEL', 0, 17, 46, 250, 50000),
(164, 'DG104082', 'BALACAN', 0, 17, 46, 250, 25000),
(165, 'DG104083', 'DIJON MUSTRAD 1 KG', 0, 6, 46, 1, 115000),
(166, 'DG104084', 'PARMESAN FORMAGGIO GRANORO 2,34 KG', 0, 2, 46, 1, 244200),
(167, 'SD105001', 'SALMON', 0, 12, 46, 1000, 248000),
(168, 'SD105002', 'DORI FISH', 0, 12, 46, 1000, 40000),
(169, 'SD105003', 'WHITE FISH', 0, 12, 46, 1000, 95000),
(170, 'SD105004', 'SQUID', 0, 12, 46, 1000, 80000),
(171, 'SD105005', 'KING PRAWN', 0, 12, 46, 1000, 190000),
(172, 'SD105006', 'SOFT SHELL CRABS', 0, 12, 46, 1000, 170000),
(173, 'SD105007', 'BABY OCTOPUS', 0, 12, 46, 1000, 65000),
(174, 'SD105008', 'SQUID FROZEN', 0, 12, 46, 1000, 80000),
(175, 'SD105009', 'BARAMUNDI FISH', 0, 12, 46, 1000, 95000),
(176, 'SD105010', 'SQUID FRESH', 0, 12, 46, 1000, 130000),
(177, 'SD105011', 'FISH BALL', 0, 12, 46, 500, 45000),
(178, 'SD105012', 'LOBSTER', 0, 12, 46, 1000, 300000),
(179, 'SD105013', 'SCALLOP', 0, 12, 46, 1000, 624000),
(180, 'SD105014', '25-30 PRAWN', 0, 12, 46, 1000, 150000),
(181, 'MT106001', 'SIRLOIN', 0, 12, 46, 1000, 410000),
(182, 'MT106002', 'LAMB RACK', 0, 12, 46, 1000, 380000),
(183, 'MT106003', 'LAMB LEG', 0, 12, 46, 1000, 215000),
(184, 'MT106004', 'FLANK BEEF', 0, 12, 46, 1000, 120000),
(185, 'MT106005', 'MINCE BEEF', 0, 12, 46, 1000, 88000),
(186, 'MT106006', 'BEEF BACON', 0, 12, 46, 1000, 120000),
(187, 'MT106007', 'FOIEGRASS', 0, 12, 46, 1100, 1250000),
(188, 'MT106008', 'TOP SIDE BEEF', 0, 12, 46, 1000, 95000),
(189, 'MT106009', 'OXTAIL', 0, 12, 46, 1000, 250000),
(190, 'MT106010', 'SHORT RIBS', 0, 12, 46, 1000, 135000),
(191, 'MT106011', 'CHOCO POWDER (VAN HOUTEN)', 0, 12, 46, 80, 35000),
(192, 'MT106012', 'LAMB SHANK', 0, 12, 46, 1000, 195000),
(193, 'PR107001', 'CHICKEN BREAST', 0, 12, 46, 1000, 52000),
(194, 'PR107002', 'CHICKEN LEG', 0, 12, 46, 1000, 48000),
(195, 'PR107003', 'CHICKEN WINGS', 0, 12, 46, 1000, 38000),
(196, 'PR107004', 'CHICKEN SKIN', 0, 12, 46, 1000, 38000),
(197, 'PR107005', 'DUCK BREAST', 0, 12, 46, 1000, 140000),
(198, 'PR107006', 'DUCK LEG', 0, 12, 46, 1000, 118000),
(199, 'PR107007', 'KERONGKONGAN', 0, 12, 46, 500, 14000),
(200, 'PR107008', 'CHICKEN LIVER', 0, 12, 46, 1000, 25000),
(201, 'PR107009', 'BABY CHICKEN', 0, 12, 46, 1000, 31000),
(202, 'PR107010', 'CHICKEN WHOLE', 0, 12, 46, 1000, 51000),
(203, 'PR107011', 'DUCK WHOLE', 0, 12, 46, 1000, 75000),
(204, 'NW109001', 'OXTAIL', 0, 12, 46, 1000, 195000),
(205, 'NW109002', 'SHORT RIBS', 0, 12, 46, 1000, 135000),
(206, 'NW109003', 'KECAP BANGO 6,2L', 0, 15, 46, 1, 170000),
(207, 'NW109004', 'KECAP INGGRIS 620 ML', 0, 4, 46, 1, 50000),
(208, 'NW109005', 'LOBSTER', 0, 12, 46, 1000, 350000),
(209, 'NW109006', 'HOKIAN MIE', 0, 12, 46, 1000, 18000),
(210, 'NW109007', 'TIGER PRAWN', 0, 12, 46, 1000, 190000),
(211, 'NW109008', 'BABY CHICKEN', 0, 12, 46, 1000, 34000),
(212, 'NW109009', 'CARDAMON', 0, 12, 46, 1000, 21000),
(213, 'NW109010', 'BAY LEAVE', 0, 12, 46, 1000, 51000),
(214, 'NW109011', 'NUTMEG FESH', 0, 12, 46, 1000, 60000),
(215, 'NW109012', 'BIHUN', 0, 12, 46, 1000, 15000),
(216, 'NW109013', 'EASY MIX JAPANESE TEMPURA 1KG', 0, 20, 46, 1, 35000),
(217, 'NW109015', 'RICE FLOUR 1KG', 0, 20, 46, 1, 8000),
(218, 'NW109017', 'NUTRIJEL PLAIN 15 GR', 0, 22, 46, 1, 15000),
(219, 'NW109018', 'PENGEMULSI SP 500 GR', 0, 20, 46, 1, 15500),
(220, 'NW109019', 'BAKING SODA 1000 GR', 0, 20, 46, 1, 25000),
(221, 'NW109020', 'RUM ESSENCE 60 ML', 0, 4, 46, 1, 35000),
(222, 'NW109021', 'SESAME SEED WHITE', 0, 12, 46, 1000, 12000),
(223, 'NW109022', 'SESAME SEED BLACK', 0, 12, 46, 1000, 12000),
(224, 'NW109023', 'KACANG TANAH', 0, 12, 46, 1000, 35000),
(225, 'NW109024', 'VANILLA ESSENCE 60 ML', 0, 4, 46, 1, 15000),
(226, 'NW109026', 'BAWANG GORENG', 0, 12, 46, 1000, 90000),
(227, 'NW109027', 'DRY COCONUT', 0, 12, 46, 1000, 24000),
(228, 'NW109028', 'CUKA DIXI 650 ML', 0, 4, 46, 1, 13154),
(229, 'NW109029', 'KERUPUK BAWANG', 0, 12, 46, 1000, 45000),
(230, 'NW109031', 'KACANG TANAH', 0, 12, 46, 1000, 55000),
(231, 'NW109032', 'SPAGHETTI-11 450 GR', 0, 20, 46, 1, 18000),
(232, 'NW109033', 'UDANG REBON', 0, 12, 46, 1000, 12000),
(233, 'NW109034', 'IKAN TERI', 0, 12, 46, 1000, 90000),
(234, 'NW109035', 'KECOMBRANG', 0, 12, 46, 1000, 42000),
(235, 'NW109036', 'KYURI', 0, 12, 46, 1000, 20000),
(236, 'NW109037', 'DAUN KUNYIT', 0, 12, 46, 1000, 8000),
(237, 'NW109038', 'DAUN KEMANGI', 0, 12, 46, 1000, 11000),
(238, 'NW109039', 'PEASHOOT', 0, 12, 46, 50, 35000),
(239, 'NW109040', 'KUCAI', 0, 12, 46, 1000, 25000),
(240, 'NW109041', 'BAKSO SAPI', 0, 12, 46, 1000, 40000),
(241, 'NW109042', 'BROCOLI', 0, 12, 46, 1000, 20000),
(242, 'NW109043', 'BABY CORN', 0, 12, 46, 1000, 20000),
(243, 'NW109044', 'TEMPE', 0, 12, 46, 1000, 7000),
(244, 'NW109045', 'AYAM WHOLE', 0, 12, 46, 1000, 45000),
(245, 'NW109046', 'JAMUR KUPING', 0, 12, 46, 1000, 25000),
(246, 'NW109047', 'SOREL', 0, 12, 46, 50, 35000),
(247, 'NW109048', 'BISCUIT OREO', 0, 12, 46, 1000, 12000),
(248, 'NW109049', 'BISCOFF LOTUS', 0, 12, 46, 250, 40000),
(249, 'NW109050', 'SKIPPY CHOCO PEANUT SPREAD', 0, 12, 46, 1000, 76000),
(250, 'NW109051', 'BISCUIT REGAL 120 GR', 0, 20, 46, 1, 15000),
(251, 'NW109052', 'KIWI', 0, 12, 46, 1000, 65000),
(252, 'NW109053', 'TEMPE', 0, 12, 46, 1000, 7000),
(253, 'NW109054', 'CABE RAWIT HIJAU', 0, 12, 46, 1000, 50000),
(254, 'NW109055', 'MIE TELOR', 0, 12, 46, 1000, 7000),
(255, 'NW109056', 'SUN DRIED TOMATO', 0, 12, 46, 1000, 127000),
(256, 'NW109058', 'FRENCH FRIES STRAIGHT CUT 2,5 KG', 0, 20, 46, 1, 58000),
(257, 'NW109059', 'KACANG MEDE', 0, 12, 46, 1000, 170000),
(258, 'NW109060', 'BROWN SUGAR', 0, 12, 46, 1000, 23000),
(259, 'NW109061', 'TULIP WHITE COMPOUND 1KG', 0, 20, 46, 1, 87000),
(260, 'NW109062', 'TULIP DARK COMPOUND 1KG', 0, 20, 46, 1, 75000),
(261, 'NW109063', 'TULIP MILK COMPOND 1KG', 0, 20, 46, 1, 80000),
(262, 'NW109064', 'WHITE RICE VINEGAR 600 ML', 0, 4, 46, 1, 21250),
(263, 'NW109065', 'TEPUNG ROTI PUTIH MAMA SUKA 1KG', 0, 20, 46, 1, 63500),
(264, 'NW109066', 'KECAP ASIN CAP 2 ANGSA 600 ML', 0, 4, 46, 1, 29000),
(265, 'NW109067', 'SKM CARNATION 370 ML', 0, 6, 46, 1, 13000),
(266, 'GIN000003', 'H GIN (12+1)', 0, 8, 24, 13, 3929400),
(267, 'GIN000003', 'H GIN (12+1)', 0, 8, 24, 13, 3929400),
(268, 'GIN000004', 'HP H GIN', 0, 4, 24, 750, 327450),
(269, 'GIN000005', 'BOMBAY SAPPHIRE (12+3)', 0, 8, 24, 15, 9586364),
(270, 'GIN000006', 'BOMBAY SAPPHIRE', 0, 4, 24, 750, 655909),
(271, 'GIN000007', 'ROKU GIN', 0, 4, 24, 700, 700000),
(272, 'GIN000008', 'TANQUERAY', 0, 4, 24, 750, 605455),
(273, 'GIN000009', 'SILVER GIN', 0, 4, 24, 750, 222000),
(274, 'GIN000010', 'HENDRICK', 0, 4, 24, 700, 750000),
(275, 'RUM000001', 'BLANCO RUM', 0, 4, 39, 750, 222000),
(276, 'RUM000002', 'APPLETON RARE', 0, 4, 39, 750, 950000),
(277, 'RUM000003', 'HP APLETON WHITE (12+5)', 0, 4, 39, 750, 370588),
(278, 'RUM000004', 'BACARDI LIGHT (12+6)', 0, 4, 39, 750, 363894),
(279, 'RUM000005', 'MYERS DARK', 0, 4, 39, 750, 500000),
(280, 'TQ000001', 'CAMINO GOLD (12+3)', 0, 8, 44, 15, 6054545),
(281, 'TQ000002', 'HP OLMECA', 0, 4, 44, 750, 416667),
(282, 'TQ000003', 'JOSE QUERVO REPOSADO', 0, 4, 44, 750, 555000),
(283, 'TQ000004', 'JOSE CUERVO 1800 ANEJO', 0, 4, 44, 750, 1012000),
(284, 'TQ000005', 'JOSE CUERVO 1800 REPOSADO', 0, 4, 44, 750, 840909),
(285, 'TQ000006', 'PATRON REPOSADO', 0, 4, 44, 750, 1122000),
(286, 'TQ000007', 'PATRON ANEJO', 0, 4, 44, 750, 1265000),
(287, 'TQ000008', 'AVION REPOSADO', 0, 4, 44, 750, 1000000),
(288, 'TQ000009', 'AVION REPOSADO TEQUILA', 0, 4, 44, 750, 700000),
(289, 'JWH000001', 'TOGOUCHI 8YO', 0, 4, 33, 700, 816667),
(290, 'JWH000002', 'AKASHI WHITE OAK', 0, 4, 33, 500, 448333),
(291, 'JWH000003', 'HIBIKI JAPANESE HARMONI', 0, 4, 33, 700, 3000000),
(292, 'JWH000004', 'YAMAZAKI', 0, 4, 33, 700, 3000000),
(293, 'JWH000005', 'SUNTORI KAKUBIN', 0, 4, 33, 700, 800000),
(294, 'SWH000001', 'GLENLIVET 12YO', 0, 4, 40, 700, 825000),
(295, 'SWH000002', 'GLENLIVET 18YO', 0, 4, 40, 700, 2558333),
(296, 'SWH000003', 'GLENFFIDICH 12YO', 0, 4, 40, 700, 875000),
(297, 'SWH000004', 'BALVENIE 12YO DOUBLE WOOD', 0, 4, 40, 700, 1590000),
(298, 'SWH000005', 'BALVENIE 17YO DOUBLE WOOD', 0, 4, 40, 700, 2984000),
(299, 'SWH000006', 'GLENMORANGIE LASANTA 12YO', 0, 4, 40, 700, 1460000),
(300, 'SWH000007', 'GLENMORANGIE 18YO', 0, 4, 40, 700, 2920000),
(301, 'SWH000008', 'OBAN 14YO', 0, 4, 40, 700, 1540000),
(302, 'SWH000009', 'MACALLAN 12 DOUBLE CASK', 0, 4, 40, 700, 1825000),
(303, 'SWH000010', 'MACALLAN 15 DOUBLE CASK', 0, 4, 40, 700, 3000000),
(304, 'SWH000011', 'SINGLETON SIGNATURE', 0, 4, 40, 700, 1051136),
(305, 'SWH000012', 'SINGLETON 15YO', 0, 4, 40, 700, 1500000),
(306, 'SWH000013', 'JW BLACK LABEL', 0, 4, 40, 750, 700000),
(307, 'SWH000014', 'JW BLUE LABEL', 0, 4, 40, 750, 3200000),
(308, 'SWH000015', 'CHIVAS REGAL 12YO', 0, 4, 40, 750, 750000),
(309, 'SWH000016', 'MONKEY SHOULDER NC', 0, 4, 40, 700, 655500),
(310, 'SWH000017', 'HP GLENLASSY BLEND SCOTCH', 0, 4, 40, 700, 327955),
(311, 'SWH000018', 'BALLANTINES', 0, 4, 40, 700, 500000),
(312, 'IWH000001', 'JOHN JAMESON', 0, 4, 27, 700, 583333),
(313, 'IWH000002', 'JOHN JAMESON', 0, 4, 27, 1, 400000),
(314, 'IWH000003', 'BOLS TRIPLE SEC CURACAO 700 ML', 0, 4, 27, 1, 408000),
(315, 'BWH000001', 'JACK DANIEL NO 7', 0, 4, 9, 700, 706364),
(316, 'BWH000002', 'JIM BEAM BLACK', 0, 4, 9, 700, 600000),
(317, 'NW109068', 'NORI SUSHI 250GR 50 S', 0, 20, 46, 1, 89000),
(318, 'NW109069', 'YOGURT YAMMY PLAIN 500GR', 0, 21, 46, 1, 59000),
(319, 'NW109070', 'LF PENE ZITI RIGATI 500 GR', 0, 20, 46, 1, 18000),
(320, 'NW109071', 'FIGARO CAPERS VINEGAR CAPOT', 0, 20, 46, 450, 78400),
(321, 'NW109072', 'LF. FETTUCINI  250 GR', 0, 20, 46, 1, 8800),
(322, 'NW109074', 'TRAFFLE OIL 250 ML', 0, 4, 46, 1, 170000),
(323, 'NW109075', 'LEA & PERRINS 284 ML', 0, 4, 46, 1, 86000),
(324, 'NW109076', 'KRAFT HIKORY SMOKE BEEF 510 GR', 0, 4, 46, 1, 40600),
(325, 'NW109077', 'SOUR CREAM YUMMY 200 ML', 0, 4, 46, 1, 36900),
(326, 'NW109078', 'EXTRA VIRGIN OLIVE OIL 1L', 0, 4, 46, 1, 260000),
(327, 'NW109079', 'TERASI UDANG BANGKA 100 GR', 0, 20, 46, 1, 8000),
(328, 'NW109080', 'BUTTER UNSALTED 5KG', 0, 20, 46, 1, 180000),
(329, 'NW109081', 'PIZZA TOPING 2,3KG', 0, 20, 46, 1, 287500),
(330, 'NW109082', 'SANREMO COUSCOUS 500 GR', 0, 20, 46, 1, 38500),
(331, 'NW109083', 'SWEET MIRIN HINODE 320 ML', 0, 4, 46, 1, 44000),
(332, 'NW109084', 'CAJUN POWDER 60GR', 0, 4, 46, 1, 24500),
(333, 'NW109085', 'MIX ITALIAN HERBS 50 GR', 0, 4, 46, 1, 31000),
(334, 'NW109086', 'BLACK OLIVE FIGARO 450 ML', 0, 4, 46, 1, 90000),
(335, 'NW109087', 'ROSEMARRY FRESH', 0, 20, 46, 30, 30000),
(336, 'NW109088', 'THYME FRESH', 0, 20, 46, 35, 30000),
(337, 'NW109089', 'MINYAK GORENG ROSEBRAND 18L', 0, 15, 46, 1, 335000),
(338, 'NW109090', 'DEMI GLACE KNORR 1KG', 0, 21, 46, 1, 190000),
(339, 'NW109091', 'HOISIN LEE KUM KEE 2,27 KG', 0, 21, 46, 1, 159500),
(340, 'NW109092', 'NUTRIJEL CINCAU 15 GR', 0, 22, 46, 1, 15000),
(341, 'NW109093', 'NUTRIJEL PUDING MANGO', 0, 22, 46, 1, 10000),
(342, 'NW109094', 'SWALLOW AGAR-AGAR PLAIN', 0, 22, 46, 1, 10000),
(343, 'NW109095', 'MARCOLADE CHOCO STRAWBERRY 1KG', 0, 20, 46, 1, 75000),
(344, 'NW109096', 'KERUPUK UDANG/PRAWN CRACKERS', 0, 12, 46, 1000, 44000),
(345, 'NW109097', 'JAMUR SHIMEJI', 0, 12, 46, 150, 20000),
(346, 'NW109098', 'KACANG MERAH', 0, 12, 46, 1000, 40000),
(347, 'NW109099', 'ANCHOVIE 48 GR', 0, 6, 46, 1, 58000),
(348, 'NW109100', 'RED CHEESE BLOCK 2KG', 0, 20, 46, 1, 410700),
(349, 'NW109101', 'BELGIUM UNSALTED BUTTER 5KG', 0, 20, 46, 1, 199800),
(350, 'NW109102', 'ELLE BUTTER SALTED 200 GR', 0, 20, 46, 1, 63000),
(351, 'NW109103', 'ANCHOR BUTTER SALTED 250 GR', 0, 20, 46, 1, 56000),
(352, 'NW109104', 'TERASI UDANG ABC 450 GR', 0, 20, 46, 1, 20000),
(353, 'NW109105', 'BUTTER SALTED 2KG', 0, 6, 46, 1, 350000),
(354, 'VK000001', 'ABSOLUT ELYX', 0, 4, 45, 700, 820000),
(355, 'VK000002', 'CIROC', 0, 4, 45, 750, 875000),
(356, 'VK000003', 'HP FASHION VODKA LOKAL', 0, 4, 45, 750, 220000),
(357, 'VK000004', 'ABSOLUT BLUE', 0, 4, 45, 700, 529773),
(358, 'VK000005', 'GREY GOOSE ORIGINAL (12+1)', 0, 8, 45, 14, 11280000),
(359, 'VK000006', 'GREY GOOSE ORIGINAL', 0, 4, 45, 750, 857727),
(360, 'VK000007', 'BELVEDER PURE', 0, 4, 45, 700, 875000),
(361, 'GIN000001', 'MONKEY 47', 0, 4, 24, 500, 950000),
(362, 'ITY000007', 'ZONIN MOSCATO VINO SPUMANTE NV', 0, 4, 31, 750, 351500),
(363, 'ITY000008', 'ZONIN PROSECCO BRUT NV', 0, 4, 30, 750, 361000),
(364, 'RTD000001', 'POLARIS SODA WATER @24 X 330 ML', 0, 8, 41, 1, 114000),
(365, 'RTD000002', 'TONIC WATER SCWHEPPES @24 X 330 ML', 0, 8, 41, 1, 109008),
(366, 'RTD000003', 'GINGER ALE', 0, 8, 41, 1, 112000),
(367, 'GIN000002', 'HENDRIK S GIN', 0, 4, 24, 700, 750000),
(368, 'GIN000003', 'H GIN (12+1)', 0, 8, 24, 13, 3929400),
(369, 'GIN000004', 'HP H GIN', 0, 4, 24, 750, 327450),
(370, 'GIN000005', 'BOMBAY SAPPHIRE (12+3)', 0, 8, 24, 15, 9586364),
(371, 'GIN000006', 'BOMBAY SAPPHIRE', 0, 4, 24, 750, 655909),
(372, 'GIN000007', 'ROKU GIN', 0, 4, 24, 700, 700000),
(373, 'GIN000008', 'TANQUERAY', 0, 4, 24, 750, 605455),
(374, 'GIN000009', 'SILVER GIN', 0, 4, 24, 750, 222000),
(375, 'GIN000010', 'HENDRICK', 0, 4, 24, 700, 750000),
(376, 'RUM000001', 'BLANCO RUM', 0, 4, 39, 750, 222000),
(377, 'RUM000002', 'APPLETON RARE', 0, 4, 39, 750, 950000),
(378, 'RUM000003', 'HP APLETON WHITE (12+5)', 0, 4, 39, 750, 370588),
(379, 'RUM000004', 'BACARDI LIGHT (12+6)', 0, 4, 39, 750, 363894),
(380, 'RUM000005', 'MYERS DARK', 0, 4, 39, 750, 500000),
(381, 'TQ000001', 'CAMINO GOLD (12+3)', 0, 8, 44, 15, 6054545),
(382, 'TQ000002', 'HP OLMECA', 0, 4, 44, 750, 416667),
(383, 'TQ000003', 'JOSE QUERVO REPOSADO', 0, 4, 44, 750, 555000),
(384, 'TQ000004', 'JOSE CUERVO 1800 ANEJO', 0, 4, 44, 750, 1012000),
(385, 'TQ000005', 'JOSE CUERVO 1800 REPOSADO', 0, 4, 44, 750, 840909),
(386, 'TQ000006', 'PATRON REPOSADO', 0, 4, 44, 750, 1122000),
(387, 'TQ000007', 'PATRON ANEJO', 0, 4, 44, 750, 1265000),
(388, 'TQ000008', 'AVION REPOSADO', 0, 4, 44, 750, 1000000),
(389, 'TQ000009', 'AVION REPOSADO TEQUILA', 0, 4, 44, 750, 700000),
(390, 'JWH000001', 'TOGOUCHI 8YO', 0, 4, 33, 700, 816667),
(391, 'JWH000002', 'AKASHI WHITE OAK', 0, 4, 33, 500, 448333),
(392, 'JWH000003', 'HIBIKI JAPANESE HARMONI', 0, 4, 33, 700, 3000000),
(393, 'JWH000004', 'YAMAZAKI', 0, 4, 33, 700, 3000000),
(394, 'JWH000005', 'SUNTORI KAKUBIN', 0, 4, 33, 700, 800000),
(395, 'SWH000001', 'GLENLIVET 12YO', 0, 4, 40, 700, 825000),
(396, 'SWH000002', 'GLENLIVET 18YO', 0, 4, 40, 700, 2558333),
(397, 'SWH000003', 'GLENFFIDICH 12YO', 0, 4, 40, 700, 875000),
(398, 'SWH000004', 'BALVENIE 12YO DOUBLE WOOD', 0, 4, 40, 700, 1590000),
(399, 'SWH000005', 'BALVENIE 17YO DOUBLE WOOD', 0, 4, 40, 700, 2984000),
(400, 'SWH000006', 'GLENMORANGIE LASANTA 12YO', 0, 4, 40, 700, 1460000),
(401, 'SWH000007', 'GLENMORANGIE 18YO', 0, 4, 40, 700, 2920000),
(402, 'SWH000008', 'OBAN 14YO', 0, 4, 40, 700, 1540000),
(403, 'SWH000009', 'MACALLAN 12 DOUBLE CASK', 0, 4, 40, 700, 1825000),
(404, 'SWH000010', 'MACALLAN 15 DOUBLE CASK', 0, 4, 40, 700, 3000000),
(405, 'SWH000011', 'SINGLETON SIGNATURE', 0, 4, 40, 700, 1051136),
(406, 'SWH000012', 'SINGLETON 15YO', 0, 4, 40, 700, 1500000),
(407, 'SWH000013', 'JW BLACK LABEL', 0, 4, 40, 750, 700000),
(408, 'SWH000014', 'JW BLUE LABEL', 0, 4, 40, 750, 3200000),
(409, 'SWH000015', 'CHIVAS REGAL 12YO', 0, 4, 40, 750, 750000),
(410, 'SWH000016', 'MONKEY SHOULDER NC', 0, 4, 40, 700, 655500),
(411, 'SWH000017', 'HP GLENLASSY BLEND SCOTCH', 0, 4, 40, 700, 327955),
(412, 'SWH000018', 'BALLANTINES', 0, 4, 40, 700, 500000),
(413, 'IWH000001', 'JOHN JAMESON', 0, 4, 27, 700, 583333),
(414, 'IWH000002', 'JOHN JAMESON', 0, 4, 27, 1, 400000),
(415, 'IWH000003', 'BOLS TRIPLE SEC CURACAO 700 ML', 0, 4, 27, 1, 408000),
(416, 'BWH000001', 'JACK DANIEL NO 7', 0, 4, 9, 700, 706364),
(417, 'BWH000002', 'JIM BEAM BLACK', 0, 4, 9, 700, 600000),
(418, 'BWH000003', 'GENTLEMENT JACK', 0, 4, 9, 700, 833334),
(419, 'BWH000004', 'HP JIM BEAM WHITE', 0, 4, 9, 750, 441667),
(420, 'BWH000005', 'BULLEIT BOURBON', 0, 4, 9, 700, 756818),
(421, 'BWH000006', 'RED ROYAL', 0, 10, 9, 750, 4500000),
(422, 'BWH000007', 'GOLD ROYAL', 0, 4, 9, 750, 725000),
(423, 'BWH000008', 'BLACK ROYAL', 0, 4, 9, 750, 500000),
(424, 'BWH000009', '1800 COCONUT', 0, 4, 9, 750, 750000),
(425, 'CWH000001', 'CANADIAN CLUB', 0, 4, 12, 750, 529773),
(426, 'CGB000001', 'MARTELL VSOP', 0, 4, 18, 700, 1250000),
(427, 'CGB000002', 'MARTELL XO', 0, 4, 18, 700, 6096591),
(428, 'CGB000003', 'REMY MARTIN CLUB', 0, 4, 18, 700, 1458333),
(429, 'CGB000004', 'HENNESY XO', 0, 4, 18, 700, 4916667),
(430, 'CGB000005', 'HENNESY VSOP', 0, 4, 18, 700, 1650000),
(431, 'CGB000006', 'HP ST. REMY VSOP', 0, 4, 18, 700, 454091),
(432, 'LIQ000001', 'KAHLUA', 0, 4, 34, 700, 358333),
(433, 'LIQ000002', 'BAILEYS', 0, 4, 34, 750, 420000),
(434, 'LIQ000003', 'BENEDICTINE DOM', 0, 4, 34, 750, 900000),
(435, 'LIQ000004', 'GRAND MARNIER', 0, 4, 34, 700, 672727),
(436, 'LIQ000005', 'GIFFARD TRIPLE SEC', 0, 4, 34, 700, 400000),
(437, 'LIQ000006', 'GIFFARD CHERRY BRANDY', 0, 4, 34, 700, 400000),
(438, 'LIQ000007', 'GIFFARD BLUE CURACAO', 0, 4, 34, 700, 400000),
(439, 'LIQ000009', 'GIFFARD CRÈME DE CACAO WHITE', 0, 4, 34, 700, 400000),
(440, 'LIQ000010', 'DE KUYPER DRY ORANGE CURACAO (12+2 BISA MIX ALL LIQ)', 0, 8, 34, 14, 5650909),
(441, 'LIQ000011', 'DE KUYPER DRY ORANGE CURACAO', 0, 4, 34, 700, 470909),
(442, 'LIQ000012', 'DE KUYPER ELDERFLOWER (12+2 BISA MIX ALL LIQ)', 0, 8, 34, 14, 5650909),
(443, 'LIQ000013', 'DE KUYPER ELDERFLOWER', 0, 4, 34, 700, 470909),
(444, 'LIQ000014', 'GIFFARD CRÈME DE CASSIS', 0, 4, 34, 700, 400000),
(445, 'LIQ000015', 'DE KUYPER CRÈME DE CACAO BROWN (12+2 BISA MIX ALL LIQ)', 0, 8, 34, 14, 5650909),
(446, 'LIQ000016', 'DE KUYPER CRÈME DE CACAO BROWN', 0, 4, 34, 700, 470909),
(447, 'LIQ000017', 'DE KUYPER CRÈME DE MENTHE GREEN (12+2 BISA MIX ALL LIQ)', 0, 8, 34, 14, 5650909),
(448, 'LIQ000018', 'DE KUYPER CRÈME DE MENTHE GREEN', 0, 4, 34, 700, 470909),
(449, 'LIQ000019', 'DE KUYPER MANGO (12+2 BISA MIX ALL LIQ)', 0, 8, 34, 14, 5650909),
(450, 'LIQ000020', 'DE KUYPER MANGO', 0, 4, 34, 700, 470909),
(451, 'LIQ000021', 'CHOYA UMESHU SINGLE YEAR', 0, 4, 34, 650, 541000),
(452, 'LIQ000022', 'GALLIANO', 0, 4, 34, 700, 600000),
(453, 'LIQ000023', 'JAGERMEISTER', 0, 4, 34, 700, 572000),
(454, 'APB000001', 'KRETEK BITTER', 0, 4, 8, 60, 125000),
(455, 'APB000002', 'CAMPARI NC', 0, 4, 8, 750, 550000),
(456, 'APB000003', 'MARTINI DRY', 0, 4, 8, 1000, 460000),
(457, 'APB000004', 'MARTINI ROSSO', 0, 4, 8, 1000, 433333),
(458, 'APB000005', 'SAMBUCA', 0, 4, 8, 700, 798864),
(459, 'BR000001', 'SAPPORO BTL', 0, 4, 7, 330, 32291),
(460, 'BR000002', 'CORONA EXTRA', 0, 4, 7, 330, 42500),
(461, 'BR000003', 'BINTANG PINT 24 X 330ML', 0, 8, 7, 1, 406008),
(462, 'BR000004', 'HEINNEKEN BAREL 4+1 20L', 0, 1, 7, 1, 1542400),
(463, 'BR000005', 'HEINNEKEN BAREL20L', 0, 1, 7, 1, 1928000),
(464, 'BR000006', 'BALIHAI DRAFT 20L', 0, 1, 7, 1, 1198000),
(465, 'BR000007', 'BALIHAI PINT 24 X 330 ML', 0, 8, 7, 1, 411312),
(466, 'BR000008', 'BALIHAI (5+1)24 X 330 ML', 0, 8, 7, 1, 342744),
(467, 'BR000009', 'GUINNESS SMOOTH PINT 24 X 330 ML', 0, 8, 7, 1, 294696),
(468, 'BR000010', 'GUINNESS SMOOTH PINT 3+1 24 X 330 ML', 0, 8, 7, 1, 442056),
(469, 'BR000011', 'GUINNESS SMOOTH 24 X 325 ML', 0, 8, 7, 1, 535135),
(470, 'BR000012', 'SAN MIGUEL BOOTLE 24 X 330ML', 0, 8, 7, 1, 553000),
(471, 'BR000013', 'CARLBERG NEW BOTTLE 24 X 330ML', 0, 8, 7, 1, 563000),
(472, 'GRS000001', 'GREEN ROYAL SOJU ORI @12 X 350 ML', 0, 8, 25, 1, 1300000),
(473, 'GRS000002', 'GREEN ROYAL SOJU MANGO @12 X 350 ML', 0, 8, 25, 1, 1300000),
(474, 'HS000001', 'SOJU HAPPY ORIGINAL @20 X 360 ML', 0, 8, 26, 1, 366300),
(475, 'HS000002', 'SOJU HAPPY APPLE @20 X 360 ML', 0, 4, 26, 1, 366300),
(476, 'HS000003', 'SOJU HAPPY BLUEBERRY @20 X 360 ML', 0, 4, 26, 1, 366300),
(477, 'HS000004', 'SOJU HAPPY LYCHEE @20 X 360 ML', 0, 4, 26, 1, 366300),
(478, 'HS000005', 'SOJU HAPPY PEACH @20 X 360 ML', 0, 4, 26, 1, 366300),
(479, 'EIGS000001', 'EAST INDIES GIN', 0, 4, 20, 700, 399000),
(480, 'EIGS000002', 'EAST INDIES GIN POMELO', 0, 4, 20, 700, 399000),
(481, 'ARG000001', 'TERRAZAS ALTO DEL PLATA MALBEC 2018 (MENDOZA VALLEY)', 0, 4, 1, 750, 365000),
(482, 'ARG000002', 'TERRAZAS ALTO DEL PLATA CHARDONAY 2018 (MENDOZA VALLEY)', 0, 4, 2, 750, 370000),
(483, 'CLF000001', 'ROBERT MONDAVI PRIVATE SELECTION CABERNET SAUVIGNON 2018', 0, 4, 10, 750, 411350),
(484, 'CLF000002', 'ROBERT MONDAVI WOODBRIGE MERLOT NV', 0, 4, 10, 750, 315000),
(485, 'CLF000003', 'ROBERT MONDAVI PRIVATE SELECTION PINOT NOIR 2018', 0, 4, 10, 750, 411350),
(486, 'CLF000004', 'ROBERT MONDAVI WOODBRIDGE CHARDONAY NV', 0, 4, 11, 750, 315000),
(487, 'AUS000001', 'CAPE MENTELLE CABERNET MERLOT 2017 (MARGARET RIVER)', 0, 4, 3, 750, 510000),
(488, 'AUS000002', 'YELLOW TAIL SHIRAZ 2020 (RIVERINA)', 0, 4, 3, 750, 230000),
(489, 'AUS000003', 'HOUSE WINE YELLOW TAIL CABERNET SAUVIGNON 2020 (YENDA)', 0, 4, 3, 750, 230000),
(490, 'AUS000004', 'HOUSE WINE YELLOW TAIL MERLOT 2020 (YENDA)', 0, 4, 3, 750, 230000),
(491, 'AUS000005', 'HOUSE WINE YELLOW TAIL PINOT NOIR 2020 (YENDA)', 0, 4, 3, 750, 230000),
(492, 'AUS000006', 'HOUSE WINE YELLOW TAIL CHARDONAY 2019 (YENDA)', 0, 4, 6, 750, 230000),
(493, 'AUS000007', 'HOUSE WINE YELLOW TAIL SAUVIGNON BLANC 2019 (YENDA)', 0, 4, 6, 750, 230000),
(494, 'AUS000008', 'YELLOW TAIL PINOT GRIGIO 2019 (YENDA)', 0, 4, 6, 750, 230000),
(495, 'AUS000009', 'PETER LEHMANN PORTRAIT RIESLING 2017 (BAROSSA VALLEY)', 0, 4, 6, 750, 370000),
(496, 'AUS000010', 'CALABRIA  RICHLAND  MOSCATO ROSA NV', 0, 4, 5, 750, 260000),
(497, 'AUS000011', 'CHANDON BRUT NV', 0, 4, 4, 750, 416000),
(498, 'AUS000012', 'AMO SPARKLING SMALL', 0, 4, 4, 375, 185000),
(499, 'AUS000013', 'AMO SPARKLING LARGE', 0, 4, 4, 750, 385000),
(500, 'CHL000001', 'LUIS FELIPE EDWARDS GRAN RESERVA CABERNET SAUVIGNON 2017', 0, 4, 13, 750, 315000),
(501, 'CHL000002', 'TARAPACA SYRAH 2020', 0, 4, 13, 750, 245000),
(502, 'CHL000003', 'TARAPACA GRAN RESERVA PINOT NOIR 2018', 0, 4, 13, 750, 237500),
(503, 'CHL000004', 'TARAPACA RESERVA SYRAH  2019', 0, 4, 13, 750, 295000),
(504, 'CHL000005', 'UNDURRAGA SAUVIGNON BLANC 2019', 0, 4, 15, 750, 235000),
(505, 'CHL000006', 'UNDURRAGA ESPUMANTE DEMI SEC NV', 0, 4, 14, 750, 255000),
(506, 'SPN000001', 'TORRES ATRIUM MERLOT 2018 (PENEDES)', 0, 4, 42, 750, 328000),
(507, 'SPN000002', 'TORRES MAS BORRAS PINOT NOIR 2014 (PENEDES)', 0, 4, 42, 750, 900000),
(508, 'FRN000001', 'LOUIS LATOUR BEAUJOLAIS  SUPERIEUR 2016 (BEAUJOLAIS - BURGUNDY)', 0, 4, 21, 750, 380000),
(509, 'FRN000002', 'RHONEA LEGENDE DES TOQUES AOP COTE DU RHONE ROUGE 2020 (RHONE VALLEY)', 0, 4, 21, 750, 285000),
(510, 'FRN000003', 'RHONEA LEGENDE DES TOQUES AOP COTE DU RHONE BLANC 2020 (RHONE VALLEY)', 0, 4, 22, 750, 285000),
(511, 'NWZ000001', 'CLOUDY BAY PINOT NOIR 2018', 0, 4, 36, 750, 740000),
(512, 'NWZ000002', 'MONKEY BAY MARLBOROUGH SAUVIGNON BLANC 2018', 0, 4, 37, 750, 332500),
(513, 'ITY000001', 'CASTELLO BANFI CHIANTI CLASSICO RIASERVA, DOCG 2019 (TUSCANY)', 0, 4, 28, 750, 520000),
(514, 'ITY000002', 'VILLA MOTTURA NEGROAMARO SALENTO IGT 2020 (PUGLIA)', 0, 4, 28, 750, 260000),
(515, 'ITY000003', 'LE PITRE SALICE SALENTINO DOC 2019 (PUGLIA)', 0, 4, 28, 750, 430000),
(516, 'ITY000004', 'VILLA MOTTURA FIANO SELENTO IGT 2020 ( PUGLIA)', 0, 4, 32, 750, 260000),
(517, 'ITY000005', 'VILLA MOTTURA ROSATO SALENTO IGT 2020 (PUGLIA)', 0, 4, 29, 750, 260000),
(518, 'CNT000010', 'MATCHA POWDER', 0, 17, 17, 1000, 499500),
(519, 'ITY000006', 'CASTELLO BANFI MOSCATO D ASTI SCIANDOR 2020', 0, 4, 31, 750, 313500),
(520, 'ITY000007', 'ZONIN MOSCATO VINO SPUMANTE NV', 0, 4, 31, 750, 351500),
(521, 'ITY000008', 'ZONIN PROSECCO BRUT NV', 0, 4, 30, 750, 361000),
(522, 'RTD000001', 'POLARIS SODA WATER @24 X 330 ML', 0, 8, 41, 1, 114000),
(523, 'RTD000002', 'TONIC WATER SCWHEPPES @24 X 330 ML', 0, 8, 41, 1, 109008),
(524, 'RTD000003', 'GINGER ALE', 0, 8, 41, 1, 112000),
(525, 'RTD000004', 'COCA COLA @24 X 330 ML', 0, 8, 41, 1, 105000),
(526, 'RTD000005', 'SPRITE @24 X 330 ML', 0, 8, 41, 1, 105000),
(527, 'RTD000006', 'POKKA GREEN TEA @24 X 450 ML', 0, 8, 41, 1, 159091),
(528, 'RTD000007', 'COCA COLA ZERO @24 X 330 ML', 0, 8, 41, 1, 105000),
(529, 'RTD000008', 'COCA-COLA 1,5 L', 0, 4, 41, 1, 15500),
(530, 'RTD000009', 'FANTA 1,5 L', 0, 4, 41, 1, 15500),
(531, 'RTD000007', 'EQUIL NATURAL', 0, 4, 35, 20, 199800),
(532, 'RTD000008', 'EQUIL SPARKLING', 0, 4, 35, 20, 222000),
(533, 'RTD000009', 'REFLECTION STILL WATER', 0, 4, 35, 12, 109200),
(534, 'RTD000010', 'REFLECTION SPARKLING WATER', 0, 4, 35, 12, 118200),
(535, 'RTD000011', 'SPIVA @500 ML', 0, 4, 35, 24, 8325),
(536, 'RTD000012', 'SPIVA SPARKLING', 0, 4, 35, 0, 0),
(537, 'RTD000013', 'ETERNALPLUS @20 X 500ML', 0, 8, 35, 1, 144300),
(538, 'CNT000001', 'TWG CAMOMILE', 0, 8, 17, 100, 1554000),
(539, 'CNT000002', 'BREAKFAST EARL GREY', 0, 8, 17, 100, 1554000),
(540, 'CNT000003', 'TWG ENGLISH BREAKFAST', 0, 8, 17, 100, 1554000),
(541, 'CNT000004', 'TWG GRAND JASMINE', 0, 22, 17, 100, 477300),
(542, 'CNT000005', 'TWG MOROCCAN MINT', 0, 8, 17, 100, 1554000),
(543, 'CNT000006', 'TWG WATERFRUIT GREEN TEA', 0, 22, 17, 100, 477300),
(544, 'CNT000007', 'TWG GREENTEA SENCHA', 0, 22, 17, 100, 477300),
(545, 'CNT000008', 'TWG DJAERLING', 0, 22, 17, 100, 477300),
(546, 'GC00055', 'STELLA PENGHARUM RUANGAN METIC 225 ML', 0, 6, 50, 1, 32100),
(547, 'GC00056', 'PLASTICK OPP 7X25', 0, 20, 50, 1, 15000),
(548, 'GC00063', 'PENGHARUM AROMA TERAPI 10 ML', 0, 4, 50, 1, 15000),
(549, 'GC00064', 'SAMBEL SACHSET ABC @25 GR', 0, 20, 50, 1, 5000),
(550, 'GC00065', 'TOMAT SACHSET ABC @25 GR', 0, 20, 50, 1, 5000),
(551, 'GC00067', 'SCOP PLASTIK KECIL', 0, 20, 50, 100, 10000),
(552, 'GC00068', 'SKIWER BAMBU 12CM', 0, 20, 50, 100, 40000),
(553, 'GC00069', 'PAPER BAG LUNCH BOX @12 PCS', 0, 20, 50, 1, 48000),
(554, 'GC00070', 'PAPER BAG BOTOL @12 PCS', 0, 20, 50, 12, 30000),
(555, 'NC00007', 'BAILEYS IRISH CREAM ', 0, 4, 51, 75, 417000),
(556, 'NC00008', 'JAGERMAISTER', 0, 4, 51, 75, 417000),
(557, 'NI00001', 'PALM SUGAR PIDO 250 GR', 0, 20, 49, 1, 14000),
(558, 'NI00002', 'TEPUNG TAPIOKA / CAP TANI 1KG', 0, 20, 49, 1000, 30000),
(559, 'NI00003', 'PAPRIKA POWDER ', 0, 4, 49, 1, 22000),
(560, 'NI00004', 'GARAM MASALA', 0, 4, 49, 1, 35000),
(561, 'NI00005', 'CINNAMON POWDER', 0, 4, 49, 1, 18000),
(562, 'NI00006', 'BERTOLI EXTRA VIRGIN OIL 1 L', 0, 4, 49, 1, 185000),
(563, 'NI00007', 'LADA PUTIH HALUS', 0, 12, 49, 1000, 135000),
(564, 'NI00008', 'PAPRIKA POWDER HALUS', 0, 12, 49, 1000, 155000),
(565, 'NI00009', 'SOUN 250GR', 0, 12, 49, 250, 13000),
(566, 'NI00010', 'KETUMBAR POWDER 250GR', 0, 20, 49, 1, 48000),
(567, 'CNT000009', 'LIPTON YELLOW TEA 100 S', 0, 3, 17, 100, 75000),
(568, 'CNT000010', 'MATCHA POWDER', 0, 17, 17, 1000, 499500),
(569, 'CNT000011', 'KAV ARTISAN DARK CHOCOLATE', 0, 17, 17, 1000, 125000),
(570, 'CNT000012', 'COFFEE BEAN', 0, 17, 17, 1000, 205700),
(571, 'CNT000013', 'COFFEE GATOTKACA BLEND', 0, 17, 17, 0, 242000),
(572, 'CNT000014', 'COFFEE KAPAL API', 0, 20, 17, 1, 30000),
(573, 'SYR000001', 'GAMBINO EXOTIC LYCHEE 700 ML', 0, 4, 43, 1, 85000),
(574, 'SYR000002', 'TEISSEIRE PEACH 700 ML', 0, 4, 43, 1, 123000),
(575, 'SYR000003', 'TEISSEIRE WATERMELON 700 ML', 0, 4, 43, 1, 123000),
(576, 'SYR000004', 'TEISSEIRE RASPBERRY 700 ML', 0, 4, 43, 1, 123000),
(577, 'SYR000005', 'TEISSEIRE ICE MINT 700 ML', 0, 4, 43, 1, 123000),
(578, 'SYR000006', 'TEISSEIRE STRAWBERRY 700 ML', 0, 4, 43, 1, 123000),
(579, 'SYR000007', 'TEISSEIRE GRENADINE 700 ML', 0, 4, 43, 1, 123000),
(580, 'SYR000008', 'TEISSEIRE BLUE CURACAO 700 ML', 0, 4, 43, 1, 123000),
(581, 'SYR000009', 'MONIN ELDERFLOWER 700 ML', 0, 4, 43, 1, 140200),
(582, 'SYR000010', 'MONIN PASSION PURE 1L', 0, 4, 43, 1, 284500),
(583, 'SYR000011', 'MONIN MANGO PURE 1L', 0, 4, 43, 1, 284564),
(584, 'SYR000012', 'MONIN YUZU PURE 1L', 0, 4, 43, 1, 317800),
(585, 'SYR000013', 'MONIN PEACH PURE 1L', 0, 4, 43, 1, 284500),
(586, 'SYR000014', 'GIFFARD ORGEAT 1L', 0, 4, 43, 1, 165000),
(587, 'SYR000015', 'GIFFARD MACADAMIA 1L', 0, 4, 43, 1, 165000),
(588, 'SYR000016', 'GIFFARD VANILLA 1L', 0, 4, 43, 1, 165000),
(589, 'SYR000017', 'GIFFARD CARAMEL 1L', 0, 4, 43, 1, 165000),
(590, 'SYR000018', 'GIFFARD HAZELNUT 1L', 0, 4, 43, 1, 165000),
(591, 'SYR000019', 'GIFFARD AGAVE 700 ML', 0, 4, 43, 1, 227027),
(592, 'SYR000020', 'GIFFARD LYCHEE 1L', 0, 4, 43, 1, 165000),
(593, 'SYR000021', 'GIFFARD STRAWBERRY 1L', 0, 4, 43, 1, 165000),
(594, 'SYR000022', 'GIFFARD ROSE SYRUP 1L', 0, 4, 43, 1, 165000),
(595, 'SYR000024', 'TEISSEIRE LYCHEE 700 ML', 0, 4, 43, 1, 123000),
(596, 'SYR000025', 'GAMBINO SYRUP PEACH 1L', 0, 4, 43, 1, 165000),
(597, 'SYR000026', 'GAMBINO SYRUP STRAWBERRY 1L', 0, 4, 43, 1, 165000),
(598, 'SYR000027', 'GIFFARD GRENADINE 700 ML', 0, 4, 43, 1, 165000),
(599, 'SYR000028', 'GIFFARD SYRUP BUBBLE GUM 1L', 0, 4, 43, 1, 165000),
(600, 'SYR000029', 'GIFFARD SYRUP GREEN MINT 1L', 0, 4, 43, 1, 165000),
(601, 'SYR000030', 'GIFFARD SYRUP BLUE CURACAO 1L', 0, 4, 43, 1, 165000),
(602, 'SYR000031', 'GIFFARD SYRUP PEACH 1L', 0, 4, 43, 1, 165000),
(603, 'CHJ000001', 'APPLE CHILLED JUICE 1L', 0, 4, 16, 1, 18315),
(604, 'CHJ000002', 'CRANBERRY JUICE 1L', 0, 4, 16, 1, 16095),
(605, 'CHJ000003', 'ORANGE CHILED JUICE 1L', 0, 4, 16, 1, 16095),
(606, 'CHJ000004', 'PINEAPPLE JUICE 1L', 0, 4, 16, 1, 14500),
(607, 'CHJ000005', 'JUICE APPLE PREMIUM 1L', 2, 4, 16, 1, 14500),
(608, 'CHJ000006', 'JUICE ORANGE PREMIUM 1L', 4, 4, 16, 1, 16500),
(609, 'CHJ000007', 'JUICE JUNGLE POMEGRANATE', 0, 4, 16, 1, 25000),
(610, 'FNG000001', 'BEET ROOT', 0, 17, 23, 1, 36500),
(611, 'FNG000002', 'BUAH BUNI', 0, 17, 23, 1, 0),
(612, 'FNG000003', 'CHICK PEAS', 0, 6, 23, 1, 16000),
(613, 'FNG000004', 'CARROT', 0, 17, 23, 1, 16800),
(614, 'FNG000005', 'MARASCHINOC CHERRY JAR 1800 GR', 0, 14, 23, 1, 325000),
(615, 'FNG000006', 'GREEN APPLE', 0, 17, 23, 1, 40000),
(616, 'FNG000007', 'GREEN OLIVE JAR', 0, 14, 23, 1, 72200),
(617, 'FNG000008', 'KYURI', 0, 17, 23, 1, 14900),
(618, 'FNG000009', 'LEMON', 0, 17, 23, 1, 45500),
(619, 'FNG000010', 'LIME', 0, 17, 23, 1, 20000),
(620, 'FNG000011', 'LYCHEE CAN 12 X 565 ML', 0, 6, 23, 1, 31000),
(621, 'FNG000012', 'MELON', 0, 17, 23, 1, 17600),
(622, 'FNG000013', 'BLUEBERRY', 0, 17, 23, 1, 142700),
(623, 'FNG000014', 'RASPBERRY', 0, 17, 23, 1, 111900),
(624, 'FNG000015', 'NUTMEG', 0, 17, 23, 1, 478000),
(625, 'FNG000016', 'PINEAPPLE', 0, 22, 23, 1, 9100),
(626, 'FNG000017', 'PEACH CAN 450 ML', 0, 6, 23, 1, 60000),
(627, 'FNG000018', 'PISANG BARANGAN', 0, 17, 23, 1, 20000),
(628, 'FNG000019', 'RED GINGER', 0, 17, 23, 1, 25000),
(629, 'FNG000020', 'STRAWBERRY 250 GR', 0, 20, 23, 1, 9100),
(630, 'FNG000021', 'SUNKIST', 0, 17, 23, 1, 45500),
(631, 'FNG000022', 'TABASCO @50 GR', 0, 4, 23, 1, 65000),
(632, 'FNG000023', 'WATERMELON', 0, 17, 23, 1, 10800),
(633, 'DWG000001', 'BIOKUL YOGHURT DRINK PLAIN', 0, 19, 38, 1000, 60000),
(634, 'DWG000002', 'CHOCOLATE TOBLERONE', 0, 23, 38, 200, 85000),
(635, 'DWG000003', 'CINNAMON STICK', 0, 17, 38, 1, 52500),
(636, 'DWG000004', 'CARDAMON SEED ', 0, 20, 38, 20, 16900),
(637, 'DWG000005', 'GREENFIELD FRESH MILK PLAIN 24 X 1L', 0, 20, 38, 1, 18980),
(638, 'DWG000006', 'MILAC GOLD 12 X 1L', 0, 20, 38, 1, 65000),
(639, 'DWG000007', 'HEAVY CREAM', 0, 19, 38, 1000, 125000),
(640, 'DWG000008', 'DAUN SALAM', 0, 17, 38, 1000, 15000),
(641, 'DWG000009', 'DILL LEAF', 0, 17, 38, 1000, 15000),
(642, 'DWG000010', 'EDIBLE FLOWER', 0, 20, 38, 30, 35000),
(643, 'DWG000011', 'AQUA GALON 19L', 0, 11, 38, 1, 17000),
(644, 'DWG000012', 'GULA PASIR 1KG', 0, 20, 38, 1, 14500),
(645, 'DWG000013', 'GULA STICK PUTIH 250 GR', 0, 20, 38, 1, 70000),
(646, 'DWG000014', 'GULA STICK BROWN 250 GR', 0, 20, 38, 1, 80000),
(647, 'DWG000015', 'ICE CREAM', 0, 21, 38, 700, 48800),
(648, 'DWG000016', 'LEMON GRASS', 0, 17, 38, 1000, 13500),
(649, 'DWG000017', 'MINT LEAF', 0, 17, 38, 1000, 34800),
(650, 'DWG000018', 'ROSEMARRY', 0, 20, 38, 10, 12500),
(651, 'DWG000019', 'SKEWER BAMBU TUSUK KONDE @50', 0, 20, 38, 1, 30000),
(652, 'DWG000020', 'SUGAR CUBE', 0, 13, 38, 4500, 30000),
(653, 'DWG000021', 'TELUR OMEGA', 0, 17, 38, 18, 52000),
(654, 'DWG000022', 'SODA CHARGER', 0, 22, 38, 10, 76000),
(655, 'DWG000023', 'CREAM CHARGER', 0, 22, 38, 10, 68900),
(656, 'DWG000024', 'AREN CAIR 500 ML', 0, 4, 38, 1, 45000),
(657, 'DWG000025', 'MAXCREAMER', 0, 13, 38, 500, 30833),
(658, 'DWG000026', 'GULA AREN BATOK ', 16, 17, 38, 1000, 25000),
(659, 'DWG000027', 'GULA KELAPA NIRA ', 0, 12, 38, 300, 33500),
(660, 'DWG000028', 'RED CHERRY ', 0, 21, 38, 4200, 390000),
(661, 'DWG000029', 'TROPICANA SLIM CLASSIC', 0, 20, 38, 1, 85000),
(662, 'DWG000030', 'GULAKU 24X1KG ', 0, 20, 38, 1, 14500),
(663, 'DWG000031', 'GULA AREN / GULA KELAPA', 0, 17, 38, 1, 30000),
(664, 'DWG000032', 'MADU NUSANTARA 600 ML', 0, 4, 38, 1, 145000),
(665, 'DWG000033', 'YAKULT 5 X 60 ML', 0, 4, 38, 1, 2000),
(666, 'DWG000034', 'HYDRO COCCO 1L', 0, 4, 38, 1, 25000),
(667, 'CSG000001', 'BLUE ROYAL', 0, 4, 19, 750, 2650000),
(668, 'CSG000002', 'ROYAL SPECIAL EDITION', 0, 4, 19, 750, 1250000),
(669, 'CSG000003', 'PLATINUM GIN', 0, 4, 19, 750, 500000),
(670, 'CSG000004', 'ROYAL BREWHOUSE VODKA', 0, 4, 19, 750, 380000),
(671, 'CSG000005', 'WINE FINCA ROBERTO', 0, 4, 19, 750, 200000),
(672, 'CSG000006', 'WINE VINA ROYAL', 0, 4, 19, 750, 250000),
(673, 'CSG000007', 'DE BORTOLI DE FAMILY SELECTION RESERVE TAWNY (NV)', 0, 4, 19, 750, 315000),
(674, 'CSG000008', 'DEAKIN ESTATE SHIRAZ 2018', 0, 4, 19, 750, 252000),
(675, 'CSG000009', 'DEAKIN ESTATE VIOGNIER 2018', 0, 4, 19, 750, 252000),
(676, 'GC00001', 'CAIRAN PENCUCI PIRING @20 LITER', 0, 18, 50, 1, 6055),
(677, 'GC00002', 'HAND SOAP LUXURY @20 LITER', 0, 18, 50, 1, 12840),
(678, 'GC00003', 'KARBOL LIQUID @20 LITER', 0, 18, 50, 1, 6055),
(679, 'GC00004', 'PEMBERSIH KACA @20 LITER', 0, 18, 50, 1, 6055),
(680, 'GC00005', 'PEMBERSIH LANTAI @20 LITER', 0, 18, 50, 1, 6055),
(681, 'GC00006', 'GREEZE CLEANER @5L', 0, 15, 50, 1, 26640),
(682, 'GC00007', 'TISSUE HAND TOWEL 24 PACK', 0, 20, 50, 1, 7500),
(683, 'GC00008', 'TISSUE COCKTAIL NAPKIN LIVI 24 PACK', 0, 20, 50, 1, 4917),
(684, 'GC00009', 'TISSUE ROLL LIVI SMART DUE @100 ROLL', 0, 24, 50, 12, 1900),
(685, 'GC00010', 'TISSUE DINNER NAPKIN @48 PACK', 0, 20, 50, 1, 8229),
(686, 'GC00011', 'STRAW COVER FLEKSIBEL ( HITAM) @20', 0, 20, 50, 1, 25000),
(687, 'GC00012', 'TUSUK GIGI', 0, 20, 50, 1, 18000),
(688, 'GC00013', 'ALMUNIUM FOIL B', 0, 20, 50, 1, 175000),
(689, 'GC00014', 'PLASTICK WRAP B', 0, 24, 50, 1, 250000),
(690, 'GC00016', 'PLASTICK SAMPAH 50X75 @10 PCS', 0, 20, 50, 1, 20000),
(691, 'GC00017', 'PLASTICK SAMPAH 60X100 @10 PCS', 0, 20, 50, 1, 21500),
(692, 'GC00018', 'PLASTICK SAMPAH 90X120 @5 PCS', 0, 20, 50, 1, 21500),
(693, 'GC00019', 'PLASTICK 1/4 KG 10X20', 0, 20, 50, 1, 9000),
(694, 'GC00020', 'PLASTICK 1/2 KG 12X25', 0, 20, 50, 1, 9000),
(695, 'GC00021', 'PLASTICK 1KG 15X30', 0, 20, 50, 1, 9000),
(696, 'GC00022', 'PLASTICK 2KG 20X35', 0, 20, 50, 1, 9000),
(697, 'GC00023', 'PLASTICK PAPPING SEGITIGA', 0, 20, 50, 1, 29000),
(698, 'GC00024', 'PLASTICK ROLL BUAH', 0, 24, 50, 1, 82500),
(699, 'GC00025', 'SPON BUSA CUCI PIRING @12 PCS', 0, 22, 50, 1, 4000),
(700, 'GC00026', 'TAKE AWAY BOX 1500 ML', 0, 20, 50, 1, 2500),
(701, 'GC00027', 'PLASTIC SAMPAH 40X60', 0, 20, 50, 1, 21500),
(702, 'GC00028', 'TAKE AWAY SAUCE TUTUP SAMBUNG 35ML', 0, 20, 50, 1, 27500),
(703, 'GC00029', 'PLASTICK TAKE AWAY BENING 28 ', 0, 20, 50, 1, 30000),
(704, 'GC00030', 'HAND GLOVE  VINILY SIZE M ( HITAM )', 0, 20, 50, 1, 125000),
(705, 'GC00031', 'HAND GLOVE  VINILY SIZE L ( HITAM )', 0, 20, 50, 1, 125000),
(706, 'GC00032', 'HAND GLOVE  VINILY SIZE XL ( HITAM )', 0, 20, 50, 1, 115000),
(707, 'GC00033', 'BAKING PAPER 30X10 M', 0, 20, 50, 1, 40000),
(708, 'GC00035', 'SABUT STAINLIST CUCI PIRING @12 PCS', 0, 20, 50, 1, 3500),
(709, 'GC00036', 'TUSUK SATE', 0, 20, 50, 1, 25000),
(710, 'GC00037', 'WHITE SUGAR STICK @250', 0, 20, 50, 1, 100000),
(711, 'GC00038', 'BROWN  SUGAR STICK @250', 0, 20, 50, 1, 125000),
(712, 'GC00039', 'ELPIJI 50 KG (HARGA LAMA) @50 KG', 0, 25, 50, 1, 975000),
(713, 'GC00040', 'ELPIJI 50 KG (HARGA BARU)@50 KG', 0, 25, 50, 1, 879000),
(714, 'GC00041', 'GAS HOCK 24 X 230 GR', 0, 25, 50, 1, 11500),
(715, 'GC00042', 'PLASTK KLIP 7X10', 0, 20, 50, 1, 7000),
(716, 'GC00043', 'TAKE AWAY SAUCE TUTUP SAMBUNG 50ML', 0, 20, 50, 1, 27500),
(717, 'GC00044', 'SENDOK PLASTIK', 0, 20, 50, 1, 28000),
(718, 'GC00045', 'GARPU PLASTIK', 0, 20, 50, 1, 28000),
(719, 'GC00046', 'BOX PIZZA TA', 0, 22, 50, 1, 4300),
(720, 'GC00047', 'CUTTLIERS PAPER ', 0, 22, 50, 1000, 1850),
(721, 'GC00048', 'LUNCH BOX PAPER TA', 0, 22, 50, 1000, 2000),
(722, 'GC00049', 'HAND SANITAIZER 5L', 0, 16, 50, 1, 151400),
(723, 'GC00050', 'SPON KAWAT CUCI PIRING @12', 0, 22, 50, 1, 3500),
(724, 'GC00051', 'GLASS PLASTIK TA @50 ML', 0, 20, 50, 1, 75000),
(725, 'GC00053', 'HARPIC 450 ML', 0, 4, 50, 1, 28000),
(726, 'GC00058', 'SIKAT GAGANG PANJANG', 0, 22, 50, 1, 32500),
(727, 'GC00054', 'KAMPER COLOR BALL SWALLOW 5 S', 0, 20, 50, 1, 25000),
(728, 'GC00055', 'STELLA PENGHARUM RUANGAN METIC 225 ML', 0, 6, 50, 1, 32100),
(729, 'GC00056', 'PLASTICK OPP 7X25', 0, 20, 50, 1, 15000),
(730, 'GC00063', 'PENGHARUM AROMA TERAPI 10 ML', 0, 4, 50, 1, 15000),
(731, 'GC00064', 'SAMBEL SACHSET ABC @25 GR', 0, 20, 50, 1, 5000),
(732, 'GC00065', 'TOMAT SACHSET ABC @25 GR', 0, 20, 50, 1, 5000),
(733, 'GC00067', 'SCOP PLASTIK KECIL', 0, 20, 50, 100, 10000),
(734, 'GC00068', 'SKIWER BAMBU 12CM', 0, 20, 50, 100, 40000),
(735, 'GC00069', 'PAPER BAG LUNCH BOX @12 PCS', 0, 20, 50, 1, 48000),
(736, 'GC00070', 'PAPER BAG BOTOL @12 PCS', 0, 20, 50, 12, 30000),
(737, 'NC00007', 'BAILEYS IRISH CREAM ', 0, 4, 51, 75, 417000),
(738, 'NC00008', 'JAGERMAISTER', 0, 4, 51, 75, 417000),
(739, 'NI00001', 'PALM SUGAR PIDO 250 GR', 0, 20, 49, 1, 14000),
(740, 'NI00002', 'TEPUNG TAPIOKA / CAP TANI 1KG', 0, 20, 49, 1000, 30000),
(741, 'NI00003', 'PAPRIKA POWDER ', 0, 4, 49, 1, 22000),
(742, 'NI00004', 'GARAM MASALA', 0, 4, 49, 1, 35000),
(743, 'NI00005', 'CINNAMON POWDER', 0, 4, 49, 1, 18000),
(744, 'NI00006', 'BERTOLI EXTRA VIRGIN OIL 1 L', 0, 4, 49, 1, 185000),
(745, 'NI00007', 'LADA PUTIH HALUS', 0, 12, 49, 1000, 135000),
(746, 'NI00008', 'PAPRIKA POWDER HALUS', 0, 12, 49, 1000, 155000),
(747, 'NI00009', 'SOUN 250GR', 0, 12, 49, 250, 13000),
(748, 'NI00010', 'KETUMBAR POWDER 250GR', 0, 20, 49, 1, 48000),
(749, 'NI00011', 'CURY POWDER 25 GR', 0, 4, 49, 25, 20000),
(750, 'NI00012', 'EBI KERING', 0, 17, 49, 1, 160000),
(751, 'NI00013', 'DANCOW MILK POWDER 400 GR', 0, 20, 49, 1, 55000),
(752, 'NI00014', 'TEPUNG TAPIOKA 500GR', 0, 20, 49, 1, 8000),
(753, 'NI00015', 'MINYAK BIMOLI 24 X 1L', 0, 8, 49, 1, 230000),
(754, 'NI00016', 'EASY MIX TEMPURA JAPANESE 220GR', 0, 20, 49, 1, 13333),
(755, 'NI00017', 'S 500 ACTIPLUS PURATOS @500 GR', 0, 20, 49, 1, 60000),
(756, 'NI00018', 'BAWANG GORENG', 0, 17, 49, 1000, 125000),
(757, 'NI00019', 'GULA MERAH ', 0, 17, 49, 1000, 25000),
(758, 'NI00020', 'MINYAK GORENG 2L', 0, 20, 49, 2, 39000),
(759, 'NI00021', 'GARAM DOLPIN @500GR', 0, 20, 49, 1, 9000),
(760, 'NI00022', 'SAUCE TOMAT ABC @5,5 KG', 0, 15, 49, 1, 120000),
(761, 'NI00023', 'DEMI GLACE KNORR 1KG', 0, 20, 49, 1, 165000),
(762, 'NI00025', 'CHILLI POWDER 70GR', 0, 4, 49, 1, 22500),
(763, 'NI00026', 'LIONG PEAT TEPUNG TAPIOKA 1KG', 0, 17, 49, 1, 25000),
(764, 'NI00027', 'BUBUK IKAN ROA (ROA POWDER)', 0, 12, 49, 500, 87500),
(765, 'NI00028', 'KNORR BEEF SEASONING POWDER', 0, 17, 49, 1, 110000),
(766, 'NI00030', 'PENNE LA FONTE @500 GR', 0, 20, 49, 1, 22000),
(767, 'NI00031', 'FETTUCINI LA FONTE @450 GR', 0, 20, 49, 1, 34000),
(768, 'NI00032', 'RIGATONI SAN REMO @500  GR', 0, 20, 49, 1, 30000),
(769, 'NI00033', 'BALSAMIC VINEGAR BERTOLI 1L', 0, 4, 49, 1, 75000),
(770, 'NI00034', 'COLLEBAUT MILK CHOCO', 0, 20, 49, 1, 65000),
(771, 'NI00035', 'SKIPPY CHUNKY PEANUT BUTTER', 0, 20, 49, 1, 66500),
(772, 'NI00036', 'OREO ORIGINAL', 0, 20, 49, 1, 9800),
(773, 'NI00037', 'RICE CRISPY', 0, 20, 49, 1, 30000),
(774, 'NI00038', 'BAWANG PUTIH BUBUK', 0, 20, 49, 1, 170000),
(775, 'NI00039', 'TOMYAM PASTE KNORR 1KG', 0, 20, 49, 1, 290000),
(776, 'GC00057', 'KERTAS NASI SENOVARTI 21X21 @1000 S', 0, 22, 50, 1, 225),
(777, 'GC00058', 'SIKAT GAGANG PANJANG', 0, 22, 50, 1, 32500),
(778, 'GC00059', 'STELLA PENGHARUM RUANGAN (BESAR) @350 ML', 0, 6, 50, 1, 30000),
(779, 'GC00061', 'TISSUE ROLL KITCHEN 48 X 100 S', 0, 24, 50, 1, 14000),
(780, 'GC00063', 'PENGHARUM AROMA TERAPI 10 ML', 0, 4, 50, 1, 15000),
(781, 'GC00064', 'SAMBEL SACHSET ABC @25 GR', 0, 20, 50, 1, 5000),
(782, 'GC00065', 'TOMAT SACHSET ABC @25 GR', 0, 20, 50, 1, 5000),
(783, 'GC00067', 'SCOP PLASTIK KECIL', 0, 20, 50, 100, 10000),
(784, 'GC00068', 'SKIWER BAMBU 12CM', 0, 20, 50, 100, 40000),
(785, 'GC00069', 'PAPER BAG LUNCH BOX @12 PCS', 0, 20, 50, 1, 48000),
(786, 'GC00070', 'PAPER BAG BOTOL @12 PCS', 0, 20, 50, 12, 30000),
(787, 'GC00071', 'KERTAS NASI SENOVARTI 22,5X27 1000 S', 0, 20, 50, 1000, 225),
(788, 'GC00074', 'SEROKAN AIR', 0, 20, 50, 1, 35000),
(789, 'GC00075', 'SAPU GAGANG ', 0, 20, 50, 1, 10000),
(790, 'GC00076', 'BATRE JAM', 0, 20, 50, 1, 3000),
(791, 'GC00077', 'CUP SAOS TUTUP SAMBUNG 75ML', 0, 20, 50, 1, 30000),
(792, 'GC00078', 'PLEDGE 410GR', 0, 20, 50, 1, 21300),
(793, 'GC00079', 'TABLE CLEANER 5L', 0, 9, 50, 1, 11060),
(794, 'GC00080', 'GLADE LAVENDER 350ML', 0, 6, 50, 1, 38000),
(795, 'GC00081', 'GLADE AUTOMATIC LAVENDER 225ML', 0, 6, 50, 1, 38000),
(796, 'GC00082', 'SABUN RINSO EKONOMI 400GR', 0, 20, 50, 1, 10000),
(797, 'GC00083', 'SENDOK SKUP KECIL', 0, 20, 50, 1, 15000),
(798, 'GC00084', 'KAMPER DAHLIA', 0, 20, 50, 180, 26000),
(799, 'GC00085', 'BAYGON LAVEDER 700 ML', 0, 6, 50, 1, 56500),
(800, 'GC00086', 'PORSTEX 1L', 0, 4, 50, 1, 35000),
(801, 'GC00087', 'STRAW BUBBLE BLACK', 0, 20, 50, 20, 25000),
(802, 'GC00088', 'GLASS CLEANER 5L', 0, 15, 50, 1, 26640),
(803, 'GC00089', 'ALUMUNIUM FOIL 45X75', 0, 24, 50, 1, 195000);
INSERT INTO `barang` (`id_brg`, `id_barang`, `nama_barang`, `stok`, `satuan_id`, `jenis_id`, `weight`, `harga`) VALUES
(804, 'GC00090', 'SODIUM HYPOCHIORITE 5L', 0, 18, 50, 5, 62700),
(805, 'GC00091', 'SIKAT TANGAN', 0, 22, 50, 2, 35000),
(806, 'GC00092', 'SAPU LIDI GAGANG', 0, 22, 50, 2, 22500),
(807, 'GC00093', 'ASTONISH (STAINLESS CLEAN WATTER)', 0, 4, 50, 2, 65000),
(808, 'NC00001', 'JIM BEAM WHITE', 0, 4, 51, 750, 400000),
(809, 'NC00002', 'BACARDI LIGHT', 0, 4, 51, 75, 417000),
(810, 'NC00003', 'VACCARI SAMBUCA', 0, 4, 51, 75, 458500),
(811, 'NC00004', 'GLENFIDICT 18 YO', 0, 4, 51, 75, 1875000),
(812, 'NC00005', 'JAMESON IRISH WHISKEY ', 0, 4, 51, 75, 500000),
(813, 'NC00006', 'JACK DANIEL S OLD NO.7', 0, 4, 51, 75, 500000),
(814, 'NC00007', 'BAILEYS IRISH CREAM ', 0, 4, 51, 75, 417000),
(815, 'NC00008', 'JAGERMAISTER', 0, 4, 51, 75, 417000),
(816, 'NI00001', 'PALM SUGAR PIDO 250 GR', 0, 20, 49, 1, 14000),
(817, 'NI00002', 'TEPUNG TAPIOKA / CAP TANI 1KG', 0, 20, 49, 1000, 30000),
(818, 'NI00003', 'PAPRIKA POWDER ', 0, 4, 49, 1, 22000),
(819, 'NI00004', 'GARAM MASALA', 0, 4, 49, 1, 35000),
(820, 'NI00005', 'CINNAMON POWDER', 0, 4, 49, 1, 18000),
(821, 'NI00006', 'BERTOLI EXTRA VIRGIN OIL 1 L', 0, 4, 49, 1, 185000),
(822, 'NI00007', 'LADA PUTIH HALUS', 0, 12, 49, 1000, 135000),
(823, 'NI00008', 'PAPRIKA POWDER HALUS', 0, 12, 49, 1000, 155000),
(824, 'NI00009', 'SOUN 250GR', 0, 12, 49, 250, 13000),
(825, 'NI00010', 'KETUMBAR POWDER 250GR', 0, 20, 49, 1, 48000),
(826, 'NI00011', 'CURY POWDER 25 GR', 0, 4, 49, 25, 20000),
(827, 'NI00012', 'EBI KERING', 0, 17, 49, 1, 160000),
(828, 'NI00013', 'DANCOW MILK POWDER 400 GR', 0, 20, 49, 1, 55000),
(829, 'NI00014', 'TEPUNG TAPIOKA 500GR', 0, 20, 49, 1, 8000),
(830, 'NI00015', 'MINYAK BIMOLI 24 X 1L', 0, 8, 49, 1, 230000),
(831, 'NI00016', 'EASY MIX TEMPURA JAPANESE 220GR', 0, 20, 49, 1, 13333),
(832, 'NI00017', 'S 500 ACTIPLUS PURATOS @500 GR', 0, 20, 49, 1, 60000),
(833, 'NI00018', 'BAWANG GORENG', 0, 17, 49, 1000, 125000),
(834, 'NI00019', 'GULA MERAH ', 0, 17, 49, 1000, 25000),
(835, 'NI00020', 'MINYAK GORENG 2L', 0, 20, 49, 2, 39000),
(836, 'NI00021', 'GARAM DOLPIN @500GR', 0, 20, 49, 1, 9000),
(837, 'NI00022', 'SAUCE TOMAT ABC @5,5 KG', 0, 15, 49, 1, 120000),
(838, 'NI00023', 'DEMI GLACE KNORR 1KG', 0, 20, 49, 1, 165000),
(839, 'NI00025', 'CHILLI POWDER 70GR', 0, 4, 49, 1, 22500),
(840, 'NI00026', 'LIONG PEAT TEPUNG TAPIOKA 1KG', 0, 17, 49, 1, 25000),
(841, 'NI00027', 'BUBUK IKAN ROA (ROA POWDER)', 0, 12, 49, 500, 87500),
(842, 'NI00028', 'KNORR BEEF SEASONING POWDER', 0, 17, 49, 1, 110000),
(843, 'NI00030', 'PENNE LA FONTE @500 GR', 0, 20, 49, 1, 22000),
(844, 'NI00031', 'FETTUCINI LA FONTE @450 GR', 0, 20, 49, 1, 34000),
(845, 'NI00032', 'RIGATONI SAN REMO @500  GR', 0, 20, 49, 1, 30000),
(846, 'NI00033', 'BALSAMIC VINEGAR BERTOLI 1L', 0, 4, 49, 1, 75000),
(847, 'NI00034', 'COLLEBAUT MILK CHOCO', 0, 20, 49, 1, 65000),
(848, 'NI00035', 'SKIPPY CHUNKY PEANUT BUTTER', 0, 20, 49, 1, 66500),
(849, 'NI00036', 'OREO ORIGINAL', 0, 20, 49, 1, 9800),
(850, 'NI00037', 'RICE CRISPY', 0, 20, 49, 1, 30000),
(851, 'NI00038', 'BAWANG PUTIH BUBUK', 0, 20, 49, 1, 170000),
(852, 'NI00039', 'TOMYAM PASTE KNORR 1KG', 0, 20, 49, 1, 290000),
(853, 'NI00041', 'CLASSIC YELLOW MUSTARD', 0, 20, 49, 3000, 215900),
(854, 'NI00042', 'GELATINE HALAL 1KG', 0, 17, 49, 1000, 666000),
(855, 'NI00043', 'PAYA PENGEMPUK DAGING', 0, 4, 49, 1, 10000),
(856, 'NI00044', 'CAJUN POWDER 350GR', 0, 4, 49, 1, 75000),
(857, 'NI00046', 'PEWARNA KOEPOE KOEPOE ROSE', 0, 4, 49, 1, 8000),
(858, 'NI00047', 'PASTA KOEPOEKOEPOE STRAWBERRY', 0, 4, 49, 1, 12000),
(859, 'NI00048', 'ROMULO BERIO OLIVE OIL 500 ML', 0, 4, 49, 1, 83250),
(860, 'NI00049', 'CHOCO CHIP', 0, 20, 49, 1, 23000),
(861, 'NI00050', 'KEJU EDAM', 0, 17, 49, 1, 350000),
(862, 'NI00051', 'PEWARNA KOEPOEKOPOE KUNING', 0, 4, 49, 1, 13000),
(863, 'NI00052', 'PASTA PANDAN', 0, 4, 49, 1, 13000),
(864, 'NI00053', 'ADDIBLE GLITTER 35 GR', 0, 4, 49, 1, 37500),
(865, 'NI00054', 'RED BEAN 400GR', 0, 6, 49, 1, 30000),
(866, 'NI00055', 'BLUEBAND SERBAGUNA @200 GR', 0, 20, 49, 1, 12000),
(867, 'NI00056', 'ESSENTIAL ROSE @10 ML', 0, 4, 49, 1, 30000),
(868, 'NI00057', 'BAKING MATCHA', 0, 20, 49, 1, 85000),
(869, 'NI00058', 'FRUIT MANGO PUREE 1KG', 0, 20, 49, 1, 199999),
(870, 'NI00059', 'FRUIT BANAN PUREE 1KG', 0, 20, 49, 1, 115000),
(871, 'NI00060', 'KIKKOMAN SOY SAUCE', 0, 4, 49, 150, 25600),
(872, 'NI00061', 'MADRAS CURRY POWDER WANG-FU 500 GR', 0, 4, 49, 1, 100000),
(873, 'NI00062', 'BASMATI RICE 5KG', 0, 20, 49, 1, 187000),
(874, 'NI00063', 'BRIYANI BUMBU MASALA', 0, 20, 49, 1, 25000),
(875, 'NI00064', 'AIR MAWAR', 0, 4, 49, 1, 25000),
(876, 'NI00065', 'ROMULO EXTRA VIRGIN OLIVE OIL 5L', 0, 4, 49, 1, 632920),
(877, 'NI00066', 'BANANA PURE 1KG', 0, 20, 49, 1, 250000),
(878, 'NI00067', 'BALSAMIC VINEGAR BERTOLI 250 ML', 0, 4, 49, 1, 0),
(879, 'NI00068', 'BLACK WINTER TRUFFLE OIL 150 ML', 0, 4, 49, 1, 144855),
(880, 'NI00069', 'PARMESAN CHEESE GRANA PADANO 1/16 WHEEL BLOCK', 0, 17, 49, 2, 238650),
(881, 'NI00070', 'PARMESAN CHEESE HARD CHEESE GRATED ANALGOUE ', 0, 20, 49, 1, 130425),
(882, 'NI00071', 'RED CHEESE SLICE BURGER 1KG', 0, 20, 49, 1, 85470);

-- --------------------------------------------------------

--
-- Table structure for table `barang_keluar`
--

CREATE TABLE `barang_keluar` (
  `id_barang_keluar` char(16) NOT NULL,
  `tanggal_keluar` date NOT NULL,
  `total` int(11) NOT NULL,
  `pajak_bkd` int(11) NOT NULL
) ENGINE=InnoDB DEFAULT CHARSET=utf8 COLLATE=utf8_general_ci;

--
-- Dumping data for table `barang_keluar`
--

INSERT INTO `barang_keluar` (`id_barang_keluar`, `tanggal_keluar`, `total`, `pajak_bkd`) VALUES
('BK01-23062200001', '2023-06-22', 1960000, 294000);

-- --------------------------------------------------------

--
-- Table structure for table `barang_keluar_d`
--

CREATE TABLE `barang_keluar_d` (
  `id_bkd` int(11) NOT NULL,
  `id_barang_keluar` char(16) NOT NULL,
  `barang_id` char(7) NOT NULL,
  `jumlah_keluar` float NOT NULL,
  `satuan_k` int(11) NOT NULL,
  `ukuran` text NOT NULL,
  `harga_keluar` int(11) NOT NULL,
  `total` int(11) NOT NULL
) ENGINE=InnoDB DEFAULT CHARSET=utf8 COLLATE=utf8_general_ci;

--
-- Dumping data for table `barang_keluar_d`
--

INSERT INTO `barang_keluar_d` (`id_bkd`, `id_barang_keluar`, `barang_id`, `jumlah_keluar`, `satuan_k`, `ukuran`, `harga_keluar`, `total`) VALUES
(2, 'BK01-23062200001', '1', 10, 12, '0:0', 65000, 650000),
(3, 'BK01-23062200001', '2', 10, 12, '0:0', 75000, 750000),
(4, 'BK01-23062200001', '3', 14, 12, '0:0', 40000, 560000);

--
-- Triggers `barang_keluar_d`
--
DELIMITER $$
CREATE TRIGGER `delete_stok_keluar` AFTER DELETE ON `barang_keluar_d` FOR EACH ROW UPDATE `barang` SET `barang`.`stok` = `barang`.`stok` + OLD.jumlah_keluar WHERE `barang`.`id_brg` = OLD.barang_id
$$
DELIMITER ;
DELIMITER $$
CREATE TRIGGER `update_stok_keluar` BEFORE INSERT ON `barang_keluar_d` FOR EACH ROW UPDATE `barang` SET `barang`.`stok` = `barang`.`stok` - NEW.jumlah_keluar WHERE `barang`.`id_brg` = NEW.barang_id
$$
DELIMITER ;

-- --------------------------------------------------------

--
-- Table structure for table `barang_masuk`
--

CREATE TABLE `barang_masuk` (
  `id_barang_masuk` char(16) NOT NULL,
  `supplier_id` int(11) NOT NULL,
  `tanggal_masuk` date NOT NULL,
  `total` int(11) NOT NULL,
  `pajak_bmd` int(11) NOT NULL
) ENGINE=InnoDB DEFAULT CHARSET=utf8 COLLATE=utf8_general_ci;

--
-- Dumping data for table `barang_masuk`
--

INSERT INTO `barang_masuk` (`id_barang_masuk`, `supplier_id`, `tanggal_masuk`, `total`, `pajak_bmd`) VALUES
('BM01-23062200001', 5, '2023-06-22', 52600000, 5786000);

-- --------------------------------------------------------

--
-- Table structure for table `barang_masuk_d`
--

CREATE TABLE `barang_masuk_d` (
  `id_bmd` int(11) NOT NULL,
  `id_barang_masuk` char(16) NOT NULL,
  `barang_id` char(7) NOT NULL,
  `jumlah_masuk` float NOT NULL,
  `ukuran` text NOT NULL,
  `qty_pack` int(11) NOT NULL,
  `harga_masuk` int(11) NOT NULL,
  `total` int(11) NOT NULL
) ENGINE=InnoDB DEFAULT CHARSET=utf8 COLLATE=utf8_general_ci;

--
-- Dumping data for table `barang_masuk_d`
--

INSERT INTO `barang_masuk_d` (`id_bmd`, `id_barang_masuk`, `barang_id`, `jumlah_masuk`, `ukuran`, `qty_pack`, `harga_masuk`, `total`) VALUES
(3, 'BM01-23062200001', '1', 10, '', 1, 65000, 650000),
(4, 'BM01-23062200001', '2', 100, '', 10, 75000, 7500000),
(5, 'BM01-23062200001', '3', 100, '', 10, 40000, 4000000),
(6, 'BM01-23062200001', '4', 100, '', 10, 45000, 4500000),
(7, 'BM01-23062200001', '5', 100, '', 10, 35000, 3500000),
(8, 'BM01-23062200001', '6', 100, '', 10, 90000, 9000000),
(9, 'BM01-23062200001', '7', 100, '0:0', 10, 35000, 3500000),
(10, 'BM01-23062200001', '8', 100, '', 10, 38000, 3800000),
(11, 'BM01-23062200001', '9', 100, '', 10, 20000, 2000000),
(12, 'BM01-23062200001', '10', 100, '', 10, 33500, 3350000),
(13, 'BM01-23062200001', '11', 100, '', 10, 15000, 1500000),
(14, 'BM01-23062200001', '12', 100, '', 10, 20000, 2000000),
(15, 'BM01-23062200001', '13', 100, '', 10, 45000, 4500000),
(16, 'BM01-23062200001', '14', 100, '', 10, 14000, 1400000),
(17, 'BM01-23062200001', '15', 100, '', 10, 14000, 1400000);

--
-- Triggers `barang_masuk_d`
--
DELIMITER $$
CREATE TRIGGER `delete_stok_masuk` AFTER DELETE ON `barang_masuk_d` FOR EACH ROW UPDATE `barang` SET `barang`.`stok` = `barang`.`stok` - OLD.jumlah_masuk WHERE `barang`.`id_brg` = OLD.barang_id
$$
DELIMITER ;
DELIMITER $$
CREATE TRIGGER `update_stok_masuk` BEFORE INSERT ON `barang_masuk_d` FOR EACH ROW UPDATE `barang` SET `barang`.`stok` = `barang`.`stok` + NEW.jumlah_masuk WHERE `barang`.`id_brg` = NEW.barang_id
$$
DELIMITER ;

-- --------------------------------------------------------

--
-- Table structure for table `barang_west`
--

CREATE TABLE `barang_west` (
  `id_barang_west` char(16) NOT NULL,
  `tanggal_west` date NOT NULL,
  `subtotal` float NOT NULL
) ENGINE=InnoDB DEFAULT CHARSET=utf8 COLLATE=utf8_general_ci;

--
-- Dumping data for table `barang_west`
--

INSERT INTO `barang_west` (`id_barang_west`, `tanggal_west`, `subtotal`) VALUES
('BW01-23061400001', '2023-06-14', 12000),
('BW01-23061600001', '2023-06-16', 14520000),
('BW01-23062200001', '2023-06-22', 154000);

-- --------------------------------------------------------

--
-- Table structure for table `barang_west_d`
--

CREATE TABLE `barang_west_d` (
  `id` int(11) NOT NULL,
  `id_barang_west` char(16) NOT NULL,
  `nama_barang` varchar(255) NOT NULL,
  `jumlah_west` float NOT NULL,
  `harga` int(11) NOT NULL
) ENGINE=InnoDB DEFAULT CHARSET=utf8 COLLATE=utf8_general_ci;

--
-- Dumping data for table `barang_west_d`
--

INSERT INTO `barang_west_d` (`id`, `id_barang_west`, `nama_barang`, `jumlah_west`, `harga`) VALUES
(1, 'BW01-23061400001', 'YELLOW PAPRIKA', 12, 1000),
(2, 'BW01-23061600001', 'RED PAPRIKA', 500, 20000),
(3, 'BW01-23061600001', 'GULA AREN BATOK', 150, 30000),
(4, 'BW01-23061600001', 'Kardus Coklat', 20, 1000),
(5, 'BW01-23062200001', 'RED PAPRIKA', 12, 12000),
(6, 'BW01-23062200001', 'GREEN PAPRIKA', 10, 1000);

-- --------------------------------------------------------

--
-- Table structure for table `inventaris`
--

CREATE TABLE `inventaris` (
  `id_inventaris` int(11) NOT NULL,
  `vendor` varchar(100) NOT NULL,
  `no_doc` varchar(100) NOT NULL,
  `nama_item` varchar(100) NOT NULL,
  `tanggal` date NOT NULL,
  `spesifikasi` tinytext NOT NULL,
  `qty` int(11) NOT NULL,
  `satuan` enum('pcs','set') NOT NULL,
  `metode` enum('lunas','cicil') NOT NULL,
  `biaya_dp` int(11) NOT NULL,
  `biaya_perbulan` int(11) NOT NULL,
  `jangka_waktu` int(11) NOT NULL,
  `harga` int(11) NOT NULL,
  `total` int(11) NOT NULL,
  `keterangan` enum('sewa','aset') NOT NULL,
  `fileup` text NOT NULL
) ENGINE=InnoDB DEFAULT CHARSET=utf8mb4 COLLATE=utf8mb4_unicode_ci;

-- --------------------------------------------------------

--
-- Table structure for table `jenis`
--

CREATE TABLE `jenis` (
  `id_jenis` int(11) NOT NULL,
  `nama_jenis` varchar(20) NOT NULL,
  `from_jenis` varchar(15) NOT NULL
) ENGINE=InnoDB DEFAULT CHARSET=utf8 COLLATE=utf8_general_ci;

--
-- Dumping data for table `jenis`
--

INSERT INTO `jenis` (`id_jenis`, `nama_jenis`, `from_jenis`) VALUES
(1, 'ARGENTINE RED WINE', 'BAR'),
(2, 'ARGENTINE WHITE WINE', 'BAR'),
(3, 'AUSTRALIA RED WINE', 'BAR'),
(4, 'AUSTRALIA SPARKLING ', 'BAR'),
(5, 'AUSTRALIA SWEET WINE', 'BAR'),
(6, 'AUSTRALIA WHITE WINE', 'BAR'),
(7, 'BEER', 'BAR'),
(8, 'BITTER/VERMOUTH', 'BAR'),
(9, 'BOURBON WHISKY', 'BAR'),
(10, 'CALIFORNIA RED WINE', 'BAR'),
(11, 'CALIFORNIA WHITE WIN', 'BAR'),
(12, 'CANADIAN WHISKY', 'BAR'),
(13, 'CHILE RED WINE', 'BAR'),
(14, 'CHILE SPARKLING WINE', 'BAR'),
(15, 'CHILE WHITE WINE', 'BAR'),
(16, 'CHILLED JUICE', 'BAR'),
(17, 'COFFEE & TEA', 'BAR'),
(18, 'COGNAG/BRANDY', 'BAR'),
(19, 'CONSIGNMENT', 'BAR'),
(20, 'EAST INDIES GIN', 'BAR'),
(21, 'FRENCE RED WINE', 'BAR'),
(22, 'FRENCH WHITE WINE', 'BAR'),
(23, 'FRUITS/VEGETABLES', 'BAR'),
(24, 'GIN', 'BAR'),
(25, 'GREEN ROYAL SOJU', 'BAR'),
(26, 'HAPPY SOJU', 'BAR'),
(27, 'IRISH WHISKY', 'BAR'),
(28, 'ITALY RED WINE', 'BAR'),
(29, 'ITALY ROSE WINE', 'BAR'),
(30, 'ITALY SPARKLING WINE', 'BAR'),
(31, 'ITALY SWEET WINE', 'BAR'),
(32, 'ITALY WHITE WINE', 'BAR'),
(33, 'JAPANESE WHISKY', 'BAR'),
(34, 'LIQUER', 'BAR'),
(35, 'MINERAL WATER', 'BAR'),
(36, 'NEW ZEALAND RED WINE', 'BAR'),
(37, 'NEW ZEALAND WHITE WI', 'BAR'),
(38, 'OTHERS', 'BAR'),
(39, 'RUM', 'BAR'),
(40, 'SCOTCH WHISKY', 'BAR'),
(41, 'SOFT DRINK', 'BAR'),
(42, 'SPAIN RED WINE', 'BAR'),
(43, 'SYRUP', 'BAR'),
(44, 'TEQUILA', 'BAR'),
(45, 'VODKA', 'BAR'),
(46, 'DRY GOOD', 'KITCHEN'),
(47, 'FRUITS', 'KITCHEN'),
(48, 'VEGETABLE', 'KITCHEN'),
(49, 'NEW ITEM DRY GOOD', 'SUPPLIES'),
(50, 'OTHER SUPPLIES', 'SUPPLIES'),
(51, 'SPIRIT NONCK', 'SUPPLIES');

-- --------------------------------------------------------

--
-- Table structure for table `log_user`
--

CREATE TABLE `log_user` (
  `log_id` int(11) NOT NULL,
  `log_user_id` int(11) NOT NULL,
  `log_aksi` varchar(255) NOT NULL,
  `log_time` datetime DEFAULT NULL
) ENGINE=InnoDB DEFAULT CHARSET=utf8mb4 COLLATE=utf8mb4_general_ci;

--
-- Dumping data for table `log_user`
--

INSERT INTO `log_user` (`log_id`, `log_user_id`, `log_aksi`, `log_time`) VALUES
(1, 2, 'login', '2023-06-12 10:27:29'),
(2, 2, 'logout', '2023-06-12 10:27:35'),
(3, 1, 'login', '2023-06-12 10:27:39'),
(4, 1, 'logout', '2023-06-12 10:42:02'),
(5, 5, 'login', '2023-06-12 10:42:10'),
(6, 5, 'logout', '2023-06-12 10:42:16'),
(7, 1, 'login', '2023-06-12 10:42:20'),
(8, 2, 'login', '2023-06-12 10:44:46'),
(9, 2, 'logout', '2023-06-12 10:45:06'),
(10, 3, 'login', '2023-06-12 10:52:10'),
(11, 3, 'logout', '2023-06-12 10:55:34'),
(12, 2, 'login', '2023-06-12 10:55:37'),
(13, 3, 'login', '2023-06-12 13:41:37'),
(14, 1, 'logout', '2023-06-12 16:52:23'),
(15, 2, 'login', '2023-06-12 16:52:27'),
(16, 2, 'logout', '2023-06-12 16:57:27'),
(17, 1, 'login', '2023-06-12 16:57:33'),
(18, 1, 'logout', '2023-06-12 17:11:37'),
(19, 1, 'login', '2023-06-12 17:14:47'),
(20, 1, 'logout', '2023-06-12 17:29:00'),
(21, 2, 'login', '2023-06-12 17:29:06'),
(22, 2, 'logout', '2023-06-12 17:29:20'),
(23, 1, 'login', '2023-06-12 17:29:25'),
(24, 1, 'logout', '2023-06-12 17:40:35'),
(25, 1, 'login', '2023-06-13 11:56:58'),
(26, 1, 'logout', '2023-06-13 18:02:10'),
(27, 2, 'login', '2023-06-13 18:02:17'),
(28, 2, 'logout', '2023-06-13 18:12:06'),
(29, 1, 'login', '2023-06-13 18:39:29'),
(30, 1, 'logout', '2023-06-13 18:40:44'),
(31, 2, 'login', '2023-06-13 18:40:48'),
(32, 2, 'logout', '2023-06-13 18:43:44'),
(33, 1, 'login', '2023-06-13 18:43:48'),
(34, 1, 'logout', '2023-06-13 18:43:57'),
(35, 3, 'login', '2023-06-13 18:44:02'),
(36, 3, 'logout', '2023-06-13 18:48:16'),
(37, 1, 'login', '2023-06-13 18:48:36'),
(38, 1, 'logout', '2023-06-13 18:51:55'),
(39, 5, 'login', '2023-06-13 18:51:59'),
(40, 5, 'logout', '2023-06-13 18:56:40'),
(41, 2, 'login', '2023-06-13 18:56:49'),
(42, 2, 'logout', '2023-06-13 18:57:27'),
(43, 3, 'login', '2023-06-13 18:57:31'),
(44, 2, 'login', '2023-06-14 09:35:11'),
(45, 2, 'logout', '2023-06-14 09:44:46'),
(46, 1, 'login', '2023-06-14 09:44:50'),
(47, 2, 'login', '2023-06-14 12:34:24'),
(48, 1, 'login', '2023-06-14 16:44:55'),
(49, 1, 'logout', '2023-06-14 18:33:05'),
(50, 3, 'login', '2023-06-14 18:33:10'),
(51, 3, 'logout', '2023-06-14 19:12:15'),
(52, 4, 'login', '2023-06-14 19:12:22'),
(53, 4, 'logout', '2023-06-14 19:13:03'),
(54, 5, 'login', '2023-06-14 19:13:07'),
(55, 5, 'logout', '2023-06-14 19:13:21'),
(56, 4, 'login', '2023-06-14 19:26:18'),
(57, 4, 'logout', '2023-06-14 20:04:52'),
(58, 4, 'login', '2023-06-14 20:05:08'),
(59, 4, 'logout', '2023-06-14 20:50:32'),
(60, 3, 'login', '2023-06-14 20:50:38'),
(61, 3, 'logout', '2023-06-14 21:08:41'),
(62, 2, 'login', '2023-06-14 21:08:48'),
(63, 2, 'logout', '2023-06-14 23:19:54'),
(64, 1, 'login', '2023-06-14 23:20:01'),
(65, 1, 'logout', '2023-06-14 23:54:26'),
(66, 4, 'login', '2023-06-14 23:54:33'),
(67, 4, 'logout', '2023-06-15 00:09:18'),
(68, 2, 'login', '2023-06-15 00:09:24'),
(69, 2, 'logout', '2023-06-15 00:15:05'),
(70, 4, 'login', '2023-06-15 00:15:11'),
(71, 4, 'logout', '2023-06-15 00:16:54'),
(72, 5, 'login', '2023-06-15 00:16:58'),
(73, 5, 'logout', '2023-06-15 00:18:23'),
(74, 3, 'login', '2023-06-15 00:18:36'),
(75, 3, 'logout', '2023-06-15 00:19:23'),
(76, 2, 'login', '2023-06-15 00:19:28'),
(77, 2, 'logout', '2023-06-15 00:20:00'),
(78, 2, 'login', '2023-06-15 00:24:47'),
(79, 2, 'logout', '2023-06-15 00:27:22'),
(80, 1, 'login', '2023-06-15 00:27:27'),
(81, 1, 'login', '2023-06-15 09:52:59'),
(82, 1, 'login', '2023-06-15 15:25:22'),
(83, 1, 'logout', '2023-06-15 15:55:15'),
(84, 2, 'login', '2023-06-15 15:55:19'),
(85, 2, 'logout', '2023-06-15 15:56:14'),
(86, 1, 'login', '2023-06-15 15:56:26'),
(87, 1, 'logout', '2023-06-15 16:01:20'),
(88, 1, 'login', '2023-06-15 16:01:26'),
(89, 1, 'logout', '2023-06-15 18:31:14'),
(90, 3, 'login', '2023-06-15 18:31:19'),
(91, 3, 'logout', '2023-06-15 18:31:47'),
(92, 2, 'login', '2023-06-15 18:31:51'),
(93, 1, 'login', '2023-06-15 23:46:46'),
(94, 1, 'login', '2023-06-16 06:46:23'),
(95, 1, 'login', '2023-06-16 15:13:19'),
(96, 1, 'logout', '2023-06-16 17:33:31'),
(97, 2, 'login', '2023-06-16 17:33:35'),
(98, 2, 'logout', '2023-06-16 19:13:36'),
(99, 1, 'login', '2023-06-16 19:13:45'),
(100, 1, 'logout', '2023-06-16 19:24:14'),
(101, 1, 'login', '2023-06-16 19:24:25'),
(102, 1, 'logout', '2023-06-16 19:25:07'),
(103, 1, 'login', '2023-06-16 19:26:59'),
(104, 1, 'logout', '2023-06-16 19:45:26'),
(105, 1, 'login', '2023-06-16 19:47:09'),
(106, 1, 'logout', '2023-06-17 00:19:34'),
(107, 1, 'login', '2023-06-17 00:19:39'),
(108, 1, 'login', '2023-06-17 08:51:42'),
(109, 1, 'login', '2023-06-22 09:57:57'),
(110, 1, 'login', '2023-06-22 17:19:56'),
(111, 1, 'login', '2023-06-23 09:07:58');

-- --------------------------------------------------------

--
-- Table structure for table `po_invoice`
--

CREATE TABLE `po_invoice` (
  `no_inv` varchar(13) NOT NULL,
  `tgl_` date NOT NULL,
  `tgl_faktur` date NOT NULL,
  `tgl_tempo` date NOT NULL,
  `supplier_id` int(11) DEFAULT NULL,
  `subtotal` float DEFAULT NULL,
  `sum_pajak` int(11) DEFAULT NULL,
  `sum_diskon` int(11) NOT NULL,
  `jumlah_tertagih` int(11) NOT NULL,
  `status` enum('1','0') NOT NULL DEFAULT '0',
  `catatan` text NOT NULL,
  `fileup` text NOT NULL,
  `tgl_lns` text NOT NULL
) ENGINE=InnoDB DEFAULT CHARSET=latin1 COLLATE=latin1_swedish_ci;

--
-- Dumping data for table `po_invoice`
--

INSERT INTO `po_invoice` (`no_inv`, `tgl_`, `tgl_faktur`, `tgl_tempo`, `supplier_id`, `subtotal`, `sum_pajak`, `sum_diskon`, `jumlah_tertagih`, `status`, `catatan`, `fileup`, `tgl_lns`) VALUES
('INV-2023-0001', '2023-06-08', '2023-06-10', '2023-06-15', 3, 650000, 0, 0, 650000, '0', '-', '856190ef270817ad0b29b951241ffc12.jpeg', '');

-- --------------------------------------------------------

--
-- Table structure for table `po_invoice_d`
--

CREATE TABLE `po_invoice_d` (
  `idinv` int(11) NOT NULL,
  `d_inv` char(13) NOT NULL,
  `id_barang_inv` int(11) NOT NULL,
  `qty` float NOT NULL,
  `harga_d` float NOT NULL,
  `diskon` float NOT NULL,
  `pajak_d` tinytext NOT NULL,
  `total` float NOT NULL
) ENGINE=InnoDB DEFAULT CHARSET=latin1 COLLATE=latin1_swedish_ci;

--
-- Dumping data for table `po_invoice_d`
--

INSERT INTO `po_invoice_d` (`idinv`, `d_inv`, `id_barang_inv`, `qty`, `harga_d`, `diskon`, `pajak_d`, `total`) VALUES
(3, 'INV-2023-0001', 1, 10, 65000, 0, '0', 650000);

-- --------------------------------------------------------

--
-- Table structure for table `purchase_order`
--

CREATE TABLE `purchase_order` (
  `no_po` varchar(13) NOT NULL,
  `tanggal_` date NOT NULL,
  `tanggal_brgmasuk` text NOT NULL,
  `supplier_id` int(11) DEFAULT NULL,
  `subtotal` float DEFAULT NULL,
  `sum_pajak` int(11) DEFAULT NULL,
  `sum_diskon` int(11) NOT NULL,
  `jumlah_tertagih` int(11) NOT NULL,
  `status` enum('1','0') NOT NULL DEFAULT '0',
  `catatan` text NOT NULL
) ENGINE=InnoDB DEFAULT CHARSET=latin1 COLLATE=latin1_swedish_ci;

--
-- Dumping data for table `purchase_order`
--

INSERT INTO `purchase_order` (`no_po`, `tanggal_`, `tanggal_brgmasuk`, `supplier_id`, `subtotal`, `sum_pajak`, `sum_diskon`, `jumlah_tertagih`, `status`, `catatan`) VALUES
('PO-2023-0001', '2023-06-15', '', 4, 17500000, 0, 0, 17500000, '', 'kosong'),
('PO-2023-0002', '2023-06-16', '', 4, 24200000, 0, 0, 24200000, '', '-'),
('PO-2023-0003', '2023-06-16', '2023-06-17', 3, 650000, 0, 0, 650000, '1', '-');

-- --------------------------------------------------------

--
-- Table structure for table `purchase_order_d`
--

CREATE TABLE `purchase_order_d` (
  `idpo` int(11) NOT NULL,
  `d_po` char(13) NOT NULL,
  `id_barang_po` int(11) NOT NULL,
  `qty` float NOT NULL,
  `harga_d` float NOT NULL,
  `diskon` float NOT NULL,
  `pajak_d` tinytext NOT NULL,
  `total` float NOT NULL
) ENGINE=InnoDB DEFAULT CHARSET=latin1 COLLATE=latin1_swedish_ci;

--
-- Dumping data for table `purchase_order_d`
--

INSERT INTO `purchase_order_d` (`idpo`, `d_po`, `id_barang_po`, `qty`, `harga_d`, `diskon`, `pajak_d`, `total`) VALUES
(3, 'PO-2023-0001', 1, 200, 65000, 0, '0', 13000000),
(4, 'PO-2023-0001', 4, 100, 45000, 0, '0', 4500000),
(5, 'PO-2023-0002', 753, 100, 230000, 0, '0', 23000000),
(6, 'PO-2023-0002', 633, 20, 60000, 0, '0', 1200000),
(7, 'PO-2023-0003', 1, 10, 65000, 0, '0', 650000);

-- --------------------------------------------------------

--
-- Table structure for table `satuan`
--

CREATE TABLE `satuan` (
  `id_satuan` int(11) NOT NULL,
  `nama_satuan` varchar(15) NOT NULL
) ENGINE=InnoDB DEFAULT CHARSET=utf8 COLLATE=utf8_general_ci;

--
-- Dumping data for table `satuan`
--

INSERT INTO `satuan` (`id_satuan`, `nama_satuan`) VALUES
(1, 'Barrel'),
(2, 'BLOK'),
(3, 'BOX'),
(4, 'BTL'),
(5, 'BUAH'),
(6, 'CAN'),
(7, 'CASE'),
(8, 'CTN'),
(9, 'DRIGEN'),
(10, 'DUS'),
(11, 'GLN'),
(12, 'GR'),
(13, 'GRM'),
(14, 'JAR'),
(15, 'JERIGEN'),
(16, 'JRG'),
(17, 'KG'),
(18, 'LITER'),
(19, 'LTR'),
(20, 'Pack'),
(21, 'PAIL'),
(22, 'PCS'),
(23, 'PCK'),
(24, 'ROLL'),
(25, 'TBG');

-- --------------------------------------------------------

--
-- Table structure for table `supplier`
--

CREATE TABLE `supplier` (
  `id_supplier` int(11) NOT NULL,
  `nama_supplier` varchar(50) NOT NULL,
  `no_telp` varchar(15) NOT NULL,
  `alamat` text NOT NULL,
  `nm_bank` varchar(50) NOT NULL,
  `no_rek` varchar(50) NOT NULL
) ENGINE=InnoDB DEFAULT CHARSET=utf8 COLLATE=utf8_general_ci;

--
-- Dumping data for table `supplier`
--

INSERT INTO `supplier` (`id_supplier`, `nama_supplier`, `no_telp`, `alamat`, `nm_bank`, `no_rek`) VALUES
(2, 'Supplier A', '0998877333', 'Alamat Supplier A', 'Bank A', '099999999999'),
(3, 'Supplier B', '088888888', 'Alamat Supplier B', 'Bank B', '0766555555555555'),
(4, 'Supplier C', '0996666666', 'Alamat Supplier C', 'Bank C', '0008877777777'),
(5, 'Supplier A add from PO', '9090909090', 'alamat dari supplier', 'ABC', '98987676756545433');

-- --------------------------------------------------------

--
-- Table structure for table `suratjalan`
--

CREATE TABLE `suratjalan` (
  `no_suratjalan` varchar(15) NOT NULL,
  `tgl_suratjalan` date DEFAULT NULL,
  `nama` varchar(30) DEFAULT NULL,
  `alamat` tinytext DEFAULT NULL
) ENGINE=InnoDB DEFAULT CHARSET=latin1 COLLATE=latin1_swedish_ci;

-- --------------------------------------------------------

--
-- Table structure for table `suratjalan_d`
--

CREATE TABLE `suratjalan_d` (
  `no_suratjalan` varchar(15) NOT NULL,
  `nm_barang` varchar(15) DEFAULT NULL,
  `jumlah` int(11) DEFAULT NULL,
  `keterangan` tinytext DEFAULT NULL
) ENGINE=InnoDB DEFAULT CHARSET=latin1 COLLATE=latin1_swedish_ci;

-- --------------------------------------------------------

--
-- Table structure for table `tandaterima`
--

CREATE TABLE `tandaterima` (
  `id_tandaterima` int(11) NOT NULL,
  `dari` varchar(100) NOT NULL,
  `kepada` varchar(100) NOT NULL,
  `tanggal` date NOT NULL,
  `nominal` tinytext NOT NULL,
  `keterangan` tinytext NOT NULL,
  `fileup` text NOT NULL
) ENGINE=InnoDB DEFAULT CHARSET=utf8mb4 COLLATE=utf8mb4_unicode_ci;

--
-- Dumping data for table `tandaterima`
--

INSERT INTO `tandaterima` (`id_tandaterima`, `dari`, `kepada`, `tanggal`, `nominal`, `keterangan`, `fileup`) VALUES
(5, 'saya', 'anda', '2023-06-15', '099090909', 'kkjk', 'e7752642927eeb12557aabf6567c1d9d.jpeg');

-- --------------------------------------------------------

--
-- Table structure for table `user`
--

CREATE TABLE `user` (
  `id_user` int(11) NOT NULL,
  `kd_user` char(2) NOT NULL,
  `nama` varchar(50) NOT NULL,
  `username` varchar(50) NOT NULL,
  `email` varchar(100) NOT NULL,
  `no_telp` varchar(15) NOT NULL,
  `role` enum('owner','admin','gudang','kitchen','bar') NOT NULL,
  `password` varchar(255) NOT NULL,
  `created_at` int(11) NOT NULL,
  `foto` text NOT NULL,
  `is_active` tinyint(1) NOT NULL
) ENGINE=InnoDB DEFAULT CHARSET=utf8 COLLATE=utf8_general_ci;

--
-- Dumping data for table `user`
--

INSERT INTO `user` (`id_user`, `kd_user`, `nama`, `username`, `email`, `no_telp`, `role`, `password`, `created_at`, `foto`, `is_active`) VALUES
(1, '01', 'Owner Seropati', 'owner', 'owner@gmail.com', '089888999888', 'owner', '$2y$10$7TGQq6B.pxsBMUCUWLwt1eAvpPhG8XcVxeY52lYEmo5q4iuo.uoIO', 1686418205, '17b18113b3eccdfec87d41859c9a224d.png', 1),
(2, '02', 'Admin Seropati', 'admin', 'admin@admin.com', '08766555444', 'admin', '$2y$10$cP6OUn.XX/koZkaUPOJE6ewTppbcfuvPRSO4BYP8gGfsTcXjZnkDe', 1686455697, '0a889d45d3b48da3f124cc280b785d9b.png', 1),
(3, '03', 'Gudang Seropati', 'gudang', 'gudang@gudang.com', '089777888888', 'gudang', '$2y$10$NCMvHUOrr.YgmgPIn3oiEuP7.5SolYpJs1jMBD6pK7r7IQHKlxP8i', 1686455789, 'user.png', 1),
(4, '04', 'Kitchen Seropati', 'kitchen', 'kitchen@kitchen.com', '089777999888', 'kitchen', '$2y$10$4LNM6iw4gucqxA8bb/dFl.Uu/atxt9NCk61QMmUWnI7HBxJHkAKta', 1686455841, 'user.png', 1),
(5, '05', 'Bar Seropati', 'bar', 'bar@bar.com', '087555555666', 'bar', '$2y$10$9UAlsgRT9r926hSzKJ28pOzGhbDGMiM5aShQfXdBMErOpzciUPeSi', 1686455868, 'user.png', 1);

--
-- Indexes for dumped tables
--

--
-- Indexes for table `about`
--
ALTER TABLE `about`
  ADD PRIMARY KEY (`id`);

--
-- Indexes for table `barang`
--
ALTER TABLE `barang`
  ADD PRIMARY KEY (`id_brg`),
  ADD KEY `barang_satuan` (`satuan_id`),
  ADD KEY `barang_jenis` (`jenis_id`);

--
-- Indexes for table `barang_keluar`
--
ALTER TABLE `barang_keluar`
  ADD PRIMARY KEY (`id_barang_keluar`);

--
-- Indexes for table `barang_keluar_d`
--
ALTER TABLE `barang_keluar_d`
  ADD PRIMARY KEY (`id_bkd`),
  ADD KEY `id_barang` (`barang_id`) USING BTREE;

--
-- Indexes for table `barang_masuk`
--
ALTER TABLE `barang_masuk`
  ADD PRIMARY KEY (`id_barang_masuk`),
  ADD KEY `supplier_id` (`supplier_id`);

--
-- Indexes for table `barang_masuk_d`
--
ALTER TABLE `barang_masuk_d`
  ADD PRIMARY KEY (`id_bmd`),
  ADD KEY `id_barang` (`barang_id`) USING BTREE;

--
-- Indexes for table `barang_west`
--
ALTER TABLE `barang_west`
  ADD PRIMARY KEY (`id_barang_west`);

--
-- Indexes for table `barang_west_d`
--
ALTER TABLE `barang_west_d`
  ADD PRIMARY KEY (`id`);

--
-- Indexes for table `inventaris`
--
ALTER TABLE `inventaris`
  ADD PRIMARY KEY (`id_inventaris`);

--
-- Indexes for table `jenis`
--
ALTER TABLE `jenis`
  ADD PRIMARY KEY (`id_jenis`);

--
-- Indexes for table `log_user`
--
ALTER TABLE `log_user`
  ADD PRIMARY KEY (`log_id`);

--
-- Indexes for table `po_invoice`
--
ALTER TABLE `po_invoice`
  ADD PRIMARY KEY (`no_inv`);

--
-- Indexes for table `po_invoice_d`
--
ALTER TABLE `po_invoice_d`
  ADD PRIMARY KEY (`idinv`);

--
-- Indexes for table `purchase_order`
--
ALTER TABLE `purchase_order`
  ADD PRIMARY KEY (`no_po`);

--
-- Indexes for table `purchase_order_d`
--
ALTER TABLE `purchase_order_d`
  ADD PRIMARY KEY (`idpo`);

--
-- Indexes for table `satuan`
--
ALTER TABLE `satuan`
  ADD PRIMARY KEY (`id_satuan`);

--
-- Indexes for table `supplier`
--
ALTER TABLE `supplier`
  ADD PRIMARY KEY (`id_supplier`);

--
-- Indexes for table `suratjalan`
--
ALTER TABLE `suratjalan`
  ADD PRIMARY KEY (`no_suratjalan`);

--
-- Indexes for table `tandaterima`
--
ALTER TABLE `tandaterima`
  ADD PRIMARY KEY (`id_tandaterima`);

--
-- Indexes for table `user`
--
ALTER TABLE `user`
  ADD PRIMARY KEY (`id_user`);

--
-- AUTO_INCREMENT for dumped tables
--

--
-- AUTO_INCREMENT for table `about`
--
ALTER TABLE `about`
  MODIFY `id` int(11) NOT NULL AUTO_INCREMENT, AUTO_INCREMENT=2;

--
-- AUTO_INCREMENT for table `barang`
--
ALTER TABLE `barang`
  MODIFY `id_brg` int(11) NOT NULL AUTO_INCREMENT, AUTO_INCREMENT=884;

--
-- AUTO_INCREMENT for table `barang_keluar_d`
--
ALTER TABLE `barang_keluar_d`
  MODIFY `id_bkd` int(11) NOT NULL AUTO_INCREMENT, AUTO_INCREMENT=6;

--
-- AUTO_INCREMENT for table `barang_masuk_d`
--
ALTER TABLE `barang_masuk_d`
  MODIFY `id_bmd` int(11) NOT NULL AUTO_INCREMENT, AUTO_INCREMENT=20;

--
-- AUTO_INCREMENT for table `barang_west_d`
--
ALTER TABLE `barang_west_d`
  MODIFY `id` int(11) NOT NULL AUTO_INCREMENT, AUTO_INCREMENT=8;

--
-- AUTO_INCREMENT for table `inventaris`
--
ALTER TABLE `inventaris`
  MODIFY `id_inventaris` int(11) NOT NULL AUTO_INCREMENT, AUTO_INCREMENT=3;

--
-- AUTO_INCREMENT for table `jenis`
--
ALTER TABLE `jenis`
  MODIFY `id_jenis` int(11) NOT NULL AUTO_INCREMENT, AUTO_INCREMENT=54;

--
-- AUTO_INCREMENT for table `log_user`
--
ALTER TABLE `log_user`
  MODIFY `log_id` int(11) NOT NULL AUTO_INCREMENT, AUTO_INCREMENT=112;

--
-- AUTO_INCREMENT for table `po_invoice_d`
--
ALTER TABLE `po_invoice_d`
  MODIFY `idinv` int(11) NOT NULL AUTO_INCREMENT, AUTO_INCREMENT=6;

--
-- AUTO_INCREMENT for table `purchase_order_d`
--
ALTER TABLE `purchase_order_d`
  MODIFY `idpo` int(11) NOT NULL AUTO_INCREMENT, AUTO_INCREMENT=10;

--
-- AUTO_INCREMENT for table `satuan`
--
ALTER TABLE `satuan`
  MODIFY `id_satuan` int(11) NOT NULL AUTO_INCREMENT, AUTO_INCREMENT=27;

--
-- AUTO_INCREMENT for table `supplier`
--
ALTER TABLE `supplier`
  MODIFY `id_supplier` int(11) NOT NULL AUTO_INCREMENT, AUTO_INCREMENT=7;

--
-- AUTO_INCREMENT for table `tandaterima`
--
ALTER TABLE `tandaterima`
  MODIFY `id_tandaterima` int(11) NOT NULL AUTO_INCREMENT, AUTO_INCREMENT=6;

--
-- AUTO_INCREMENT for table `user`
--
ALTER TABLE `user`
  MODIFY `id_user` int(11) NOT NULL AUTO_INCREMENT, AUTO_INCREMENT=7;

--
-- Constraints for dumped tables
--

--
-- Constraints for table `barang`
--
ALTER TABLE `barang`
  ADD CONSTRAINT `barang_jenis` FOREIGN KEY (`jenis_id`) REFERENCES `jenis` (`id_jenis`) ON DELETE CASCADE ON UPDATE CASCADE,
  ADD CONSTRAINT `barang_satuan` FOREIGN KEY (`satuan_id`) REFERENCES `satuan` (`id_satuan`) ON DELETE CASCADE ON UPDATE CASCADE;
COMMIT;

/*!40101 SET CHARACTER_SET_CLIENT=@OLD_CHARACTER_SET_CLIENT */;
/*!40101 SET CHARACTER_SET_RESULTS=@OLD_CHARACTER_SET_RESULTS */;
/*!40101 SET COLLATION_CONNECTION=@OLD_COLLATION_CONNECTION */;
